Title,Price,Availability,Rating,Timestamp
A Light in the Attic,£51.77,In stock,Three,2025-05-29T22:43:06.082132
Tipping the Velvet,£53.74,In stock,One,2025-05-29T22:43:06.082132
Soumission,£50.10,In stock,One,2025-05-29T22:43:06.097750
Sharp Objects,£47.82,In stock,Four,2025-05-29T22:43:06.097750
Sapiens: A Brief History of Humankind,£54.23,In stock,Five,2025-05-29T22:43:06.097750
The Requiem Red,£22.65,In stock,One,2025-05-29T22:43:06.097750
The Dirty Little Secrets of Getting Your Dream Job,£33.34,In stock,Four,2025-05-29T22:43:06.097750
"The Coming Woman: A Novel Based on the Life of the Infamous Feminist, Victoria Woodhull",£17.93,In stock,Three,2025-05-29T22:43:06.097750
The Boys in the Boat: Nine Americans and Their Epic Quest for Gold at the 1936 Berlin Olympics,£22.60,In stock,Four,2025-05-29T22:43:06.097750
The Black Maria,£52.15,In stock,One,2025-05-29T22:43:06.097750
"Starving Hearts (Triangular Trade Trilogy, #1)",£13.99,In stock,Two,2025-05-29T22:43:06.097750
Shakespeare's Sonnets,£20.66,In stock,Four,2025-05-29T22:43:06.097750
Set Me Free,£17.46,In stock,Five,2025-05-29T22:43:06.097750
Scott Pilgrim's Precious Little Life (Scott Pilgrim #1),£52.29,In stock,Five,2025-05-29T22:43:06.097750
Rip it Up and Start Again,£35.02,In stock,Five,2025-05-29T22:43:06.097750
"Our Band Could Be Your Life: Scenes from the American Indie Underground, 1981-1991",£57.25,In stock,Three,2025-05-29T22:43:06.097750
Olio,£23.88,In stock,One,2025-05-29T22:43:06.097750
Mesaerion: The Best Science Fiction Stories 1800-1849,£37.59,In stock,One,2025-05-29T22:43:06.103272
Libertarianism for Beginners,£51.33,In stock,Two,2025-05-29T22:43:06.103272
It's Only the Himalayas,£45.17,In stock,Two,2025-05-29T22:43:06.103272
In Her Wake,£12.84,In stock,One,2025-05-29T22:43:08.651685
How Music Works,£37.32,In stock,Two,2025-05-29T22:43:08.651685
"Foolproof Preserving: A Guide to Small Batch Jams, Jellies, Pickles, Condiments, and More: A Foolproof Guide to Making Small Batch Jams, Jellies, Pickles, Condiments, and More",£30.52,In stock,Three,2025-05-29T22:43:08.651685
Chase Me (Paris Nights #2),£25.27,In stock,Five,2025-05-29T22:43:08.651685
Black Dust,£34.53,In stock,Five,2025-05-29T22:43:08.651685
Birdsong: A Story in Pictures,£54.64,In stock,Three,2025-05-29T22:43:08.651685
America's Cradle of Quarterbacks: Western Pennsylvania's Football Factory from Johnny Unitas to Joe Montana,£22.50,In stock,Three,2025-05-29T22:43:08.651685
Aladdin and His Wonderful Lamp,£53.13,In stock,Three,2025-05-29T22:43:08.651685
Worlds Elsewhere: Journeys Around Shakespeare’s Globe,£40.30,In stock,Five,2025-05-29T22:43:08.651685
Wall and Piece,£44.18,In stock,Four,2025-05-29T22:43:08.651685
The Four Agreements: A Practical Guide to Personal Freedom,£17.66,In stock,Five,2025-05-29T22:43:08.651685
The Five Love Languages: How to Express Heartfelt Commitment to Your Mate,£31.05,In stock,Three,2025-05-29T22:43:08.651685
The Elephant Tree,£23.82,In stock,Five,2025-05-29T22:43:08.667308
The Bear and the Piano,£36.89,In stock,One,2025-05-29T22:43:08.667308
Sophie's World,£15.94,In stock,Five,2025-05-29T22:43:08.667308
Penny Maybe,£33.29,In stock,Three,2025-05-29T22:43:08.667308
Maude (1883-1993):She Grew Up with the country,£18.02,In stock,Two,2025-05-29T22:43:08.667308
"In a Dark, Dark Wood",£19.63,In stock,One,2025-05-29T22:43:08.667308
Behind Closed Doors,£52.22,In stock,Four,2025-05-29T22:43:08.667308
You can't bury them all: Poems,£33.63,In stock,Two,2025-05-29T22:43:08.682933
Slow States of Collapse: Poems,£57.31,In stock,Three,2025-05-29T22:43:11.114998
Reasons to Stay Alive,£26.41,In stock,Two,2025-05-29T22:43:11.114998
Private Paris (Private #10),£47.61,In stock,Five,2025-05-29T22:43:11.114998
#HigherSelfie: Wake Up Your Life. Free Your Soul. Find Your Tribe.,£23.11,In stock,Five,2025-05-29T22:43:11.114998
Without Borders (Wanderlove #1),£45.07,In stock,Two,2025-05-29T22:43:11.114998
When We Collided,£31.77,In stock,One,2025-05-29T22:43:11.114998
"We Love You, Charlie Freeman",£50.27,In stock,Five,2025-05-29T22:43:11.114998
Untitled Collection: Sabbath Poems 2014,£14.27,In stock,Four,2025-05-29T22:43:11.114998
"Unseen City: The Majesty of Pigeons, the Discreet Charm of Snails & Other Wonders of the Urban Wilderness",£44.18,In stock,Four,2025-05-29T22:43:11.114998
Unicorn Tracks,£18.78,In stock,Three,2025-05-29T22:43:11.114998
"Unbound: How Eight Technologies Made Us Human, Transformed Society, and Brought Our World to the Brink",£25.52,In stock,One,2025-05-29T22:43:11.114998
Tsubasa: WoRLD CHRoNiCLE 2 (Tsubasa WoRLD CHRoNiCLE #2),£16.28,In stock,One,2025-05-29T22:43:11.114998
Throwing Rocks at the Google Bus: How Growth Became the Enemy of Prosperity,£31.12,In stock,Three,2025-05-29T22:43:11.114998
This One Summer,£19.49,In stock,Four,2025-05-29T22:43:11.114998
Thirst,£17.27,In stock,Five,2025-05-29T22:43:11.114998
The Torch Is Passed: A Harding Family Story,£19.09,In stock,One,2025-05-29T22:43:11.131172
The Secret of Dreadwillow Carse,£56.13,In stock,One,2025-05-29T22:43:11.131579
"The Pioneer Woman Cooks: Dinnertime: Comfort Classics, Freezer Food, 16-Minute Meals, and Other Delicious Ways to Solve Supper!",£56.41,In stock,One,2025-05-29T22:43:11.131579
The Past Never Ends,£56.50,In stock,Four,2025-05-29T22:43:11.131579
The Natural History of Us (The Fine Art of Pretending #2),£45.22,In stock,Three,2025-05-29T22:43:11.131579
The Nameless City (The Nameless City #1),£38.16,In stock,Four,2025-05-29T22:43:13.633152
The Murder That Never Was (Forensic Instincts #5),£54.11,In stock,Three,2025-05-29T22:43:13.633152
The Most Perfect Thing: Inside (and Outside) a Bird's Egg,£42.96,In stock,Four,2025-05-29T22:43:13.633152
"The Mindfulness and Acceptance Workbook for Anxiety: A Guide to Breaking Free from Anxiety, Phobias, and Worry Using Acceptance and Commitment Therapy",£23.89,In stock,Four,2025-05-29T22:43:13.633152
The Life-Changing Magic of Tidying Up: The Japanese Art of Decluttering and Organizing,£16.77,In stock,Three,2025-05-29T22:43:13.633152
"The Inefficiency Assassin: Time Management Tactics for Working Smarter, Not Longer",£20.59,In stock,Five,2025-05-29T22:43:13.633152
The Gutsy Girl: Escapades for Your Life of Epic Adventure,£37.13,In stock,One,2025-05-29T22:43:13.633152
The Electric Pencil: Drawings from Inside State Hospital No. 3,£56.06,In stock,One,2025-05-29T22:43:13.633152
The Death of Humanity: and the Case for Life,£58.11,In stock,Four,2025-05-29T22:43:13.633152
"The Bulletproof Diet: Lose up to a Pound a Day, Reclaim Energy and Focus, Upgrade Your Life",£49.05,In stock,Three,2025-05-29T22:43:13.633152
The Art Forger,£40.76,In stock,Three,2025-05-29T22:43:13.633152
The Age of Genius: The Seventeenth Century and the Birth of the Modern Mind,£19.73,In stock,One,2025-05-29T22:43:13.633152
The Activist's Tao Te Ching: Ancient Advice for a Modern Revolution,£32.24,In stock,Five,2025-05-29T22:43:13.633152
Spark Joy: An Illustrated Master Class on the Art of Organizing and Tidying Up,£41.83,In stock,Four,2025-05-29T22:43:13.633152
Soul Reader,£39.58,In stock,Two,2025-05-29T22:43:13.633152
Security,£39.25,In stock,Two,2025-05-29T22:43:13.633152
"Saga, Volume 6 (Saga (Collected Editions) #6)",£25.02,In stock,Three,2025-05-29T22:43:13.633152
"Saga, Volume 5 (Saga (Collected Editions) #5)",£51.04,In stock,Two,2025-05-29T22:43:13.633152
Reskilling America: Learning to Labor in the Twenty-First Century,£19.83,In stock,Two,2025-05-29T22:43:13.633152
"Rat Queens, Vol. 3: Demons (Rat Queens (Collected Editions) #11-15)",£50.40,In stock,Three,2025-05-29T22:43:13.633152
"Princess Jellyfish 2-in-1 Omnibus, Vol. 01 (Princess Jellyfish 2-in-1 Omnibus #1)",£13.61,In stock,Five,2025-05-29T22:43:16.063311
Princess Between Worlds (Wide-Awake Princess #5),£13.34,In stock,Five,2025-05-29T22:43:16.063311
"Pop Gun War, Volume 1: Gift",£18.97,In stock,One,2025-05-29T22:43:16.063311
"Political Suicide: Missteps, Peccadilloes, Bad Calls, Backroom Hijinx, Sordid Pasts, Rotten Breaks, and Just Plain Dumb Mistakes in the Annals of American Politics",£36.28,In stock,Two,2025-05-29T22:43:16.063311
Patience,£10.16,In stock,Three,2025-05-29T22:43:16.063311
"Outcast, Vol. 1: A Darkness Surrounds Him (Outcast #1)",£15.44,In stock,Four,2025-05-29T22:43:16.063311
orange: The Complete Collection 1 (orange: The Complete Collection #1),£48.41,In stock,One,2025-05-29T22:43:16.063311
Online Marketing for Busy Authors: A Step-By-Step Guide,£46.35,In stock,One,2025-05-29T22:43:16.063311
On a Midnight Clear,£14.07,In stock,Three,2025-05-29T22:43:16.063311
Obsidian (Lux #1),£14.86,In stock,Two,2025-05-29T22:43:16.063311
My Paris Kitchen: Recipes and Stories,£33.37,In stock,Two,2025-05-29T22:43:16.063311
Masks and Shadows,£56.40,In stock,Two,2025-05-29T22:43:16.063311
"Mama Tried: Traditional Italian Cooking for the Screwed, Crude, Vegan, and Tattooed",£14.02,In stock,Four,2025-05-29T22:43:16.063311
"Lumberjanes, Vol. 2: Friendship to the Max (Lumberjanes #5-8)",£46.91,In stock,Two,2025-05-29T22:43:16.063311
"Lumberjanes, Vol. 1: Beware the Kitten Holy (Lumberjanes #1-4)",£45.61,In stock,Three,2025-05-29T22:43:16.063311
Lumberjanes Vol. 3: A Terrible Plan (Lumberjanes #9-12),£19.92,In stock,Two,2025-05-29T22:43:16.063311
"Layered: Baking, Building, and Styling Spectacular Cakes",£40.11,In stock,One,2025-05-29T22:43:16.063311
Judo: Seven Steps to Black Belt (an Introductory Guide for Beginners),£53.90,In stock,Two,2025-05-29T22:43:16.063311
Join,£35.67,In stock,Five,2025-05-29T22:43:16.063311
In the Country We Love: My Family Divided,£22.00,In stock,Four,2025-05-29T22:43:16.063311
Immunity: How Elie Metchnikoff Changed the Course of Modern Medicine,£57.36,In stock,Five,2025-05-29T22:43:18.589863
"I Hate Fairyland, Vol. 1: Madly Ever After (I Hate Fairyland (Compilations) #1-5)",£29.17,In stock,Two,2025-05-29T22:43:18.589863
I am a Hero Omnibus Volume 1,£54.63,In stock,Three,2025-05-29T22:43:18.589863
How to Be Miserable: 40 Strategies You Already Use,£46.03,In stock,One,2025-05-29T22:43:18.589863
Her Backup Boyfriend (The Sorensen Family #1),£33.97,In stock,One,2025-05-29T22:43:18.589863
"Giant Days, Vol. 2 (Giant Days #5-8)",£22.11,In stock,Two,2025-05-29T22:43:18.589863
Forever and Forever: The Courtship of Henry Longfellow and Fanny Appleton,£29.69,In stock,Three,2025-05-29T22:43:18.589863
First and First (Five Boroughs #3),£15.97,In stock,Four,2025-05-29T22:43:18.589863
Fifty Shades Darker (Fifty Shades #2),£21.96,In stock,One,2025-05-29T22:43:18.589863
Everydata: The Misinformation Hidden in the Little Data You Consume Every Day,£54.35,In stock,Two,2025-05-29T22:43:18.589863
"Don't Be a Jerk: And Other Practical Advice from Dogen, Japan's Greatest Zen Master",£37.97,In stock,Two,2025-05-29T22:43:18.589863
Danganronpa Volume 1,£51.99,In stock,Four,2025-05-29T22:43:18.589863
Crown of Midnight (Throne of Glass #2),£43.29,In stock,Three,2025-05-29T22:43:18.589863
"Codename Baboushka, Volume 1: The Conclave of Death",£36.72,In stock,Four,2025-05-29T22:43:18.589863
Camp Midnight,£17.08,In stock,Four,2025-05-29T22:43:18.589863
Call the Nurse: True Stories of a Country Nurse on a Scottish Isle,£29.14,In stock,Five,2025-05-29T22:43:18.589863
Burning,£28.81,In stock,Three,2025-05-29T22:43:18.589863
Bossypants,£49.46,In stock,Two,2025-05-29T22:43:18.589863
"Bitch Planet, Vol. 1: Extraordinary Machine (Bitch Planet (Collected Editions))",£37.92,In stock,Two,2025-05-29T22:43:18.589863
"Avatar: The Last Airbender: Smoke and Shadow, Part 3 (Smoke and Shadow #3)",£28.09,In stock,Two,2025-05-29T22:43:18.589863
Algorithms to Live By: The Computer Science of Human Decisions,£30.81,In stock,One,2025-05-29T22:43:20.988445
A World of Flavor: Your Gluten Free Passport,£42.95,In stock,One,2025-05-29T22:43:20.988445
"A Piece of Sky, a Grain of Rice: A Memoir in Four Meditations",£56.76,In stock,Five,2025-05-29T22:43:20.988445
A Murder in Time,£16.64,In stock,One,2025-05-29T22:43:20.988445
A Flight of Arrows (The Pathfinders #2),£55.53,In stock,Five,2025-05-29T22:43:20.988445
A Fierce and Subtle Poison,£28.13,In stock,Four,2025-05-29T22:43:20.988445
A Court of Thorns and Roses (A Court of Thorns and Roses #1),£52.37,In stock,One,2025-05-29T22:43:20.988445
(Un)Qualified: How God Uses Broken People to Do Big Things,£54.00,In stock,Five,2025-05-29T22:43:20.988445
You Are What You Love: The Spiritual Power of Habit,£21.87,In stock,Four,2025-05-29T22:43:20.988445
"William Shakespeare's Star Wars: Verily, A New Hope (William Shakespeare's Star Wars #4)",£43.30,In stock,Four,2025-05-29T22:43:20.988445
Tuesday Nights in 1980,£21.04,In stock,Two,2025-05-29T22:43:20.988445
Tracing Numbers on a Train,£41.60,In stock,Three,2025-05-29T22:43:20.988445
Throne of Glass (Throne of Glass #1),£35.07,In stock,Three,2025-05-29T22:43:20.988445
Thomas Jefferson and the Tripoli Pirates: The Forgotten War That Changed American History,£59.64,In stock,One,2025-05-29T22:43:20.988445
Thirteen Reasons Why,£52.72,In stock,One,2025-05-29T22:43:20.988445
The White Cat and the Monk: A Retelling of the Poem “Pangur Bán”,£58.08,In stock,Four,2025-05-29T22:43:20.988445
The Wedding Dress,£24.12,In stock,One,2025-05-29T22:43:20.988445
The Vacationers,£42.15,In stock,Four,2025-05-29T22:43:20.988445
The Third Wave: An Entrepreneur’s Vision of the Future,£12.61,In stock,Five,2025-05-29T22:43:20.988445
The Stranger,£17.44,In stock,Four,2025-05-29T22:43:20.988445
The Shadow Hero (The Shadow Hero),£33.14,In stock,One,2025-05-29T22:43:23.465702
The Secret (The Secret #1),£27.37,In stock,Four,2025-05-29T22:43:23.465702
The Regional Office Is Under Attack!,£51.36,In stock,Five,2025-05-29T22:43:23.465702
The Psychopath Test: A Journey Through the Madness Industry,£36.00,In stock,Two,2025-05-29T22:43:23.465702
The Project,£10.65,In stock,One,2025-05-29T22:43:23.465702
The Power of Now: A Guide to Spiritual Enlightenment,£43.54,In stock,Two,2025-05-29T22:43:23.465702
The Omnivore's Dilemma: A Natural History of Four Meals,£38.21,In stock,Two,2025-05-29T22:43:23.465702
The Nerdy Nummies Cookbook: Sweet Treats for the Geek in All of Us,£37.34,In stock,Five,2025-05-29T22:43:23.465702
The Murder of Roger Ackroyd (Hercule Poirot #4),£44.10,In stock,Four,2025-05-29T22:43:23.465702
The Mistake (Off-Campus #2),£43.29,In stock,Three,2025-05-29T22:43:23.465702
The Matchmaker's Playbook (Wingmen Inc. #1),£55.85,In stock,One,2025-05-29T22:43:23.465702
The Love and Lemons Cookbook: An Apple-to-Zucchini Celebration of Impromptu Cooking,£37.60,In stock,Two,2025-05-29T22:43:23.465702
The Long Shadow of Small Ghosts: Murder and Memory in an American City,£10.97,In stock,One,2025-05-29T22:43:23.465702
The Kite Runner,£41.82,In stock,Four,2025-05-29T22:43:23.465702
The House by the Lake,£36.95,In stock,One,2025-05-29T22:43:23.465702
The Glittering Court (The Glittering Court #1),£44.28,In stock,One,2025-05-29T22:43:23.465702
The Girl on the Train,£55.02,In stock,Two,2025-05-29T22:43:23.465702
The Genius of Birds,£17.24,In stock,One,2025-05-29T22:43:23.465702
The Emerald Mystery,£23.15,In stock,Two,2025-05-29T22:43:23.465702
The Cookies & Cups Cookbook: 125+ sweet & savory recipes reminding you to Always Eat Dessert First,£41.25,In stock,One,2025-05-29T22:43:23.465702
The Bridge to Consciousness: I'm Writing the Bridge Between Science and Our Old and New Beliefs.,£32.00,In stock,Three,2025-05-29T22:43:25.984758
The Artist's Way: A Spiritual Path to Higher Creativity,£38.49,In stock,Five,2025-05-29T22:43:25.984758
The Art of War,£33.34,In stock,Five,2025-05-29T22:43:25.985771
The Argonauts,£10.93,In stock,Two,2025-05-29T22:43:25.985771
The 10% Entrepreneur: Live Your Startup Dream Without Quitting Your Day Job,£27.55,In stock,Three,2025-05-29T22:43:25.986825
Suddenly in Love (Lake Haven #1),£55.99,In stock,Two,2025-05-29T22:43:25.986825
Something More Than This,£16.24,In stock,Four,2025-05-29T22:43:25.986825
Soft Apocalypse,£26.12,In stock,Two,2025-05-29T22:43:25.987876
So You've Been Publicly Shamed,£12.23,In stock,Two,2025-05-29T22:43:25.987876
Shoe Dog: A Memoir by the Creator of NIKE,£23.99,In stock,Two,2025-05-29T22:43:25.987876
"Shobu Samurai, Project Aryoku (#3)",£29.06,In stock,Three,2025-05-29T22:43:25.988910
Secrets and Lace (Fatal Hearts #1),£20.27,In stock,One,2025-05-29T22:43:25.988910
Scarlett Epstein Hates It Here,£43.55,In stock,Five,2025-05-29T22:43:25.988910
Romero and Juliet: A Tragic Tale of Love and Zombies,£36.94,In stock,One,2025-05-29T22:43:25.989942
Redeeming Love,£20.47,In stock,Five,2025-05-29T22:43:25.989942
Poses for Artists Volume 1 - Dynamic and Sitting Poses: An Essential Reference for Figure Drawing and the Human Form,£41.06,In stock,One,2025-05-29T22:43:25.989942
Poems That Make Grown Women Cry,£14.19,In stock,Four,2025-05-29T22:43:25.989942
"Nightingale, Sing",£38.28,In stock,One,2025-05-29T22:43:25.990975
Night Sky with Exit Wounds,£41.05,In stock,One,2025-05-29T22:43:25.990975
Mrs. Houdini,£30.25,In stock,Five,2025-05-29T22:43:25.990975
Modern Romance,£28.26,In stock,Five,2025-05-29T22:43:28.549964
Miss Peregrine’s Home for Peculiar Children (Miss Peregrine’s Peculiar Children #1),£10.76,In stock,One,2025-05-29T22:43:28.549964
Louisa: The Extraordinary Life of Mrs. Adams,£16.85,In stock,Two,2025-05-29T22:43:28.549964
Little Red,£13.47,In stock,Three,2025-05-29T22:43:28.549964
Library of Souls (Miss Peregrine’s Peculiar Children #3),£48.56,In stock,Five,2025-05-29T22:43:28.549964
Large Print Heart of the Pride,£19.15,In stock,Two,2025-05-29T22:43:28.549964
I Had a Nice Time And Other Lies...: How to find love & sh*t like that,£57.36,In stock,Four,2025-05-29T22:43:28.549964
Hollow City (Miss Peregrine’s Peculiar Children #2),£42.98,In stock,One,2025-05-29T22:43:28.565609
Grumbles,£22.16,In stock,Two,2025-05-29T22:43:28.565609
Full Moon over Noah’s Ark: An Odyssey to Mount Ararat and Beyond,£49.43,In stock,Four,2025-05-29T22:43:28.565609
Frostbite (Vampire Academy #2),£29.99,In stock,Five,2025-05-29T22:43:28.565609
Follow You Home,£21.36,In stock,One,2025-05-29T22:43:28.565609
First Steps for New Christians (Print Edition),£29.00,In stock,One,2025-05-29T22:43:28.565609
Finders Keepers (Bill Hodges Trilogy #2),£53.53,In stock,Five,2025-05-29T22:43:28.565609
"Fables, Vol. 1: Legends in Exile (Fables #1)",£41.62,In stock,Four,2025-05-29T22:43:28.565609
Eureka Trivia 6.0,£54.59,In stock,Four,2025-05-29T22:43:28.581228
Drive: The Surprising Truth About What Motivates Us,£34.95,In stock,Four,2025-05-29T22:43:28.581228
Done Rubbed Out (Reightman & Bailey #1),£37.72,In stock,Five,2025-05-29T22:43:28.581228
Doing It Over (Most Likely To #1),£35.61,In stock,Three,2025-05-29T22:43:28.581228
"Deliciously Ella Every Day: Quick and Easy Recipes for Gluten-Free Snacks, Packed Lunches, and Simple Meals",£42.16,In stock,Three,2025-05-29T22:43:28.581228
Dark Notes,£19.19,In stock,Five,2025-05-29T22:43:31.019295
"Daring Greatly: How the Courage to Be Vulnerable Transforms the Way We Live, Love, Parent, and Lead",£19.43,In stock,Three,2025-05-29T22:43:31.019295
Close to You,£49.46,In stock,Four,2025-05-29T22:43:31.019295
Chasing Heaven: What Dying Taught Me About Living,£37.80,In stock,Two,2025-05-29T22:43:31.019295
Big Magic: Creative Living Beyond Fear,£30.80,In stock,Three,2025-05-29T22:43:31.019295
Becoming Wise: An Inquiry into the Mystery and Art of Living,£27.43,In stock,Two,2025-05-29T22:43:31.019295
Beauty Restored (Riley Family Legacy Novellas #3),£11.11,In stock,Two,2025-05-29T22:43:31.019295
Batman: The Long Halloween (Batman),£36.50,In stock,Two,2025-05-29T22:43:31.019295
Batman: The Dark Knight Returns (Batman),£15.38,In stock,Five,2025-05-29T22:43:31.019295
Ayumi's Violin,£15.48,In stock,Two,2025-05-29T22:43:31.019295
Anonymous,£46.82,In stock,Four,2025-05-29T22:43:31.019295
Amy Meets the Saints and Sages,£18.46,In stock,Three,2025-05-29T22:43:31.019295
Amid the Chaos,£36.58,In stock,One,2025-05-29T22:43:31.019295
Amatus,£50.54,In stock,Five,2025-05-29T22:43:31.019295
Agnostic: A Spirited Manifesto,£12.51,In stock,Five,2025-05-29T22:43:31.019295
Zealot: The Life and Times of Jesus of Nazareth,£24.70,In stock,Three,2025-05-29T22:43:31.019295
You (You #1),£43.61,In stock,Five,2025-05-29T22:43:31.019295
"Wonder Woman: Earth One, Volume One (Wonder Woman: Earth One #1)",£37.34,In stock,Four,2025-05-29T22:43:31.019295
Wild Swans,£14.36,In stock,Two,2025-05-29T22:43:31.019295
Why the Right Went Wrong: Conservatism--From Goldwater to the Tea Party and Beyond,£52.65,In stock,Four,2025-05-29T22:43:31.019295
Whole Lotta Creativity Going On: 60 Fun and Unusual Exercises to Awaken and Strengthen Your Creativity,£38.20,In stock,Four,2025-05-29T22:43:33.465814
What's It Like in Space?: Stories from Astronauts Who've Been There,£19.60,In stock,Two,2025-05-29T22:43:33.465814
"We Are Robin, Vol. 1: The Vigilante Business (We Are Robin #1)",£53.90,In stock,One,2025-05-29T22:43:33.465814
Walt Disney's Alice in Wonderland,£12.96,In stock,Five,2025-05-29T22:43:33.465814
V for Vendetta (V for Vendetta Complete),£37.10,In stock,Four,2025-05-29T22:43:33.465814
Until Friday Night (The Field Party #1),£46.31,In stock,Two,2025-05-29T22:43:33.465814
"Unbroken: A World War II Story of Survival, Resilience, and Redemption",£45.95,In stock,Two,2025-05-29T22:43:33.465814
Twenty Yawns,£22.08,In stock,Two,2025-05-29T22:43:33.465814
Through the Woods,£25.38,In stock,Two,2025-05-29T22:43:33.465814
This Is Where It Ends,£27.12,In stock,Two,2025-05-29T22:43:33.465814
The Year of Magical Thinking,£43.04,In stock,Two,2025-05-29T22:43:33.465814
The Wright Brothers,£56.80,In stock,Four,2025-05-29T22:43:33.465814
The White Queen (The Cousins' War #1),£25.91,In stock,Five,2025-05-29T22:43:33.465814
The Wedding Pact (The O'Malleys #2),£32.61,In stock,Three,2025-05-29T22:43:33.465814
The Time Keeper,£27.88,In stock,Five,2025-05-29T22:43:33.465814
The Testament of Mary,£52.67,In stock,Four,2025-05-29T22:43:33.465814
The Star-Touched Queen,£46.02,In stock,Five,2025-05-29T22:43:33.465814
The Songs of the Gods,£44.48,In stock,Five,2025-05-29T22:43:33.465814
The Song of Achilles,£37.40,In stock,Five,2025-05-29T22:43:33.465814
The Rosie Project (Don Tillman #1),£54.04,In stock,One,2025-05-29T22:43:33.465814
The Power of Habit: Why We Do What We Do in Life and Business,£16.88,In stock,Three,2025-05-29T22:43:35.956793
The Marriage of Opposites,£28.08,In stock,Four,2025-05-29T22:43:35.956793
The Lucifer Effect: Understanding How Good People Turn Evil,£10.40,In stock,One,2025-05-29T22:43:35.956793
The Long Haul (Diary of a Wimpy Kid #9),£44.07,In stock,One,2025-05-29T22:43:35.957792
The Loney,£23.40,In stock,One,2025-05-29T22:43:35.957792
The Literature Book (Big Ideas Simply Explained),£17.43,In stock,Three,2025-05-29T22:43:35.957792
The Last Mile (Amos Decker #2),£54.21,In stock,Two,2025-05-29T22:43:35.957792
The Immortal Life of Henrietta Lacks,£40.67,In stock,Two,2025-05-29T22:43:35.958793
The Hidden Oracle (The Trials of Apollo #1),£52.26,In stock,Two,2025-05-29T22:43:35.958793
The Help Yourself Cookbook for Kids: 60 Easy Plant-Based Recipes Kids Can Make to Stay Healthy and Save the Earth,£28.77,In stock,Three,2025-05-29T22:43:35.958793
The Guilty (Will Robie #4),£13.82,In stock,Two,2025-05-29T22:43:35.959793
The First Hostage (J.B. Collins #2),£25.85,In stock,Three,2025-05-29T22:43:35.959793
The Dovekeepers,£48.78,In stock,One,2025-05-29T22:43:35.959793
The Darkest Lie,£35.35,In stock,Five,2025-05-29T22:43:35.960793
The Bane Chronicles (The Bane Chronicles #1-11),£44.73,In stock,Four,2025-05-29T22:43:35.960793
The Bad-Ass Librarians of Timbuktu: And Their Race to Save the World’s Most Precious Manuscripts,£15.77,In stock,One,2025-05-29T22:43:35.960793
The 14th Colony (Cotton Malone #11),£39.24,In stock,One,2025-05-29T22:43:35.961792
That Darkness (Gardiner and Renner #1),£13.92,In stock,One,2025-05-29T22:43:35.961792
Tastes Like Fear (DI Marnie Rome #3),£10.69,In stock,One,2025-05-29T22:43:35.961792
Take Me with You,£45.21,In stock,Three,2025-05-29T22:43:35.961792
Swell: A Year of Waves,£45.58,In stock,One,2025-05-29T22:43:38.453131
Superman Vol. 1: Before Truth (Superman by Gene Luen Yang #1),£11.89,In stock,Five,2025-05-29T22:43:38.453131
Still Life with Bread Crumbs,£26.41,In stock,Three,2025-05-29T22:43:38.453131
Steve Jobs,£39.50,In stock,Five,2025-05-29T22:43:38.453131
Sorting the Beef from the Bull: The Science of Food Fraud Forensics,£44.74,In stock,Four,2025-05-29T22:43:38.453131
Someone Like You (The Harrisons #2),£52.79,In stock,Five,2025-05-29T22:43:38.453131
"So Cute It Hurts!!, Vol. 6 (So Cute It Hurts!! #6)",£35.43,In stock,Four,2025-05-29T22:43:38.453131
Shtum,£55.84,In stock,Four,2025-05-29T22:43:38.453131
See America: A Celebration of Our National Parks & Treasured Sites,£48.87,In stock,Three,2025-05-29T22:43:38.453131
salt.,£46.78,In stock,Four,2025-05-29T22:43:38.453131
Robin War,£47.82,In stock,Three,2025-05-29T22:43:38.453131
"Red Hood/Arsenal, Vol. 1: Open for Business (Red Hood/Arsenal #1)",£25.48,In stock,Two,2025-05-29T22:43:38.453131
Rain Fish,£23.57,In stock,Three,2025-05-29T22:43:38.453131
"Quarter Life Poetry: Poems for the Young, Broke and Hangry",£50.89,In stock,Five,2025-05-29T22:43:38.453131
Pet Sematary,£10.56,In stock,Three,2025-05-29T22:43:38.453131
"Overload: How to Unplug, Unwind, and Unleash Yourself from the Pressure of Stress",£52.15,In stock,Three,2025-05-29T22:43:38.453131
Once Was a Time,£18.28,In stock,Two,2025-05-29T22:43:38.453131
Old School (Diary of a Wimpy Kid #10),£11.83,In stock,Five,2025-05-29T22:43:38.453131
No Dream Is Too High: Life Lessons From a Man Who Walked on the Moon,£21.95,In stock,Two,2025-05-29T22:43:38.453131
"Naruto (3-in-1 Edition), Vol. 14: Includes Vols. 40, 41 & 42 (Naruto: Omnibus #14)",£38.39,In stock,Two,2025-05-29T22:43:38.453131
My Name Is Lucy Barton,£41.56,In stock,One,2025-05-29T22:43:40.846028
My Mrs. Brown,£24.48,In stock,Three,2025-05-29T22:43:40.846028
My Kind of Crazy,£40.36,In stock,One,2025-05-29T22:43:40.846028
Mr. Mercedes (Bill Hodges Trilogy #1),£28.90,In stock,One,2025-05-29T22:43:40.846028
More Than Music (Chasing the Dream #1),£37.61,In stock,Two,2025-05-29T22:43:40.846028
Made to Stick: Why Some Ideas Survive and Others Die,£38.85,In stock,Five,2025-05-29T22:43:40.855545
Luis Paints the World,£53.95,In stock,Three,2025-05-29T22:43:40.855545
Luckiest Girl Alive,£49.83,In stock,Three,2025-05-29T22:43:40.855545
Lowriders to the Center of the Earth (Lowriders in Space #2),£51.51,In stock,Two,2025-05-29T22:43:40.855545
Love Is a Mix Tape (Music #1),£18.03,In stock,One,2025-05-29T22:43:40.855545
Looking for Lovely: Collecting the Moments that Matter,£29.14,In stock,Five,2025-05-29T22:43:40.855545
"Living Leadership by Insight: A Good Leader Achieves, a Great Leader Builds Monuments",£46.91,In stock,Four,2025-05-29T22:43:40.855545
Let It Out: A Journey Through Journaling,£26.79,In stock,Five,2025-05-29T22:43:40.855545
Lady Midnight (The Dark Artifices #1),£16.28,In stock,Five,2025-05-29T22:43:40.855545
"It's All Easy: Healthy, Delicious Weeknight Meals in under 30 Minutes",£19.55,In stock,One,2025-05-29T22:43:40.855545
Island of Dragons (Unwanteds #7),£29.65,In stock,One,2025-05-29T22:43:40.855545
I Know What I'm Doing -- and Other Lies I Tell Myself: Dispatches from a Life Under Construction,£25.98,In stock,Four,2025-05-29T22:43:40.855545
I Am Pilgrim (Pilgrim #1),£10.60,In stock,Four,2025-05-29T22:43:40.855545
"Hyperbole and a Half: Unfortunate Situations, Flawed Coping Mechanisms, Mayhem, and Other Things That Happened",£14.75,In stock,Five,2025-05-29T22:43:40.855545
"Hush, Hush (Hush, Hush #1)",£47.02,In stock,Three,2025-05-29T22:43:40.855545
Hold Your Breath (Search and Rescue #1),£28.82,In stock,One,2025-05-29T22:43:43.308026
Hamilton: The Revolution,£58.79,In stock,Three,2025-05-29T22:43:43.308026
Greek Mythic History,£10.23,In stock,Five,2025-05-29T22:43:43.308026
God: The Most Unpleasant Character in All Fiction,£30.03,In stock,Five,2025-05-29T22:43:43.308026
Glory over Everything: Beyond The Kitchen House,£45.84,In stock,Three,2025-05-29T22:43:43.308026
Feathers: Displays of Brilliant Plumage,£49.05,In stock,Three,2025-05-29T22:43:43.308026
"Far & Away: Places on the Brink of Change: Seven Continents, Twenty-Five Years",£15.06,In stock,Four,2025-05-29T22:43:43.323636
Every Last Word,£46.47,In stock,Three,2025-05-29T22:43:43.323636
Eligible (The Austen Project #4),£27.09,In stock,Three,2025-05-29T22:43:43.323636
El Deafo,£57.62,In stock,Five,2025-05-29T22:43:43.323636
Eight Hundred Grapes,£14.39,In stock,Four,2025-05-29T22:43:43.323636
"Eaternity: More than 150 Deliciously Easy Vegan Recipes for a Long, Healthy, Satisfied, Joyful Life",£51.75,In stock,Five,2025-05-29T22:43:43.323636
"Eat Fat, Get Thin",£54.07,In stock,Two,2025-05-29T22:43:43.323636
Don't Get Caught,£55.35,In stock,One,2025-05-29T22:43:43.323636
Doctor Sleep (The Shining #2),£40.12,In stock,Two,2025-05-29T22:43:43.323636
Demigods & Magicians: Percy and Annabeth Meet the Kanes (Percy Jackson & Kane Chronicles Crossover #1-3),£37.51,In stock,Five,2025-05-29T22:43:43.323636
Dear Mr. Knightley,£11.21,In stock,Five,2025-05-29T22:43:43.323636
Daily Fantasy Sports,£36.58,In stock,One,2025-05-29T22:43:43.323636
Crazy Love: Overwhelmed by a Relentless God,£47.72,In stock,Two,2025-05-29T22:43:43.323636
Cometh the Hour (The Clifton Chronicles #6),£25.01,In stock,Three,2025-05-29T22:43:43.323636
Code Name Verity (Code Name Verity #1),£22.13,In stock,Four,2025-05-29T22:43:45.771233
Clockwork Angel (The Infernal Devices #1),£44.14,In stock,One,2025-05-29T22:43:45.771233
City of Glass (The Mortal Instruments #3),£56.02,In stock,Four,2025-05-29T22:43:45.771233
City of Fallen Angels (The Mortal Instruments #4),£11.23,In stock,Four,2025-05-29T22:43:45.771233
City of Bones (The Mortal Instruments #1),£43.28,In stock,One,2025-05-29T22:43:45.771233
City of Ashes (The Mortal Instruments #2),£47.27,In stock,One,2025-05-29T22:43:45.771233
Cell,£20.29,In stock,Four,2025-05-29T22:43:45.771233
Catching Jordan (Hundred Oaks),£50.83,In stock,Three,2025-05-29T22:43:45.771233
"Carry On, Warrior: Thoughts on Life Unarmed",£31.85,In stock,Three,2025-05-29T22:43:45.771233
Carrie,£46.23,In stock,Two,2025-05-29T22:43:45.771233
Buying In: The Secret Dialogue Between What We Buy and Who We Are,£37.80,In stock,Four,2025-05-29T22:43:45.771233
Brain on Fire: My Month of Madness,£49.32,In stock,Five,2025-05-29T22:43:45.771233
Batman: Europa,£32.01,In stock,Two,2025-05-29T22:43:45.771233
Barefoot Contessa Back to Basics,£28.01,In stock,One,2025-05-29T22:43:45.771233
Barefoot Contessa at Home: Everyday Recipes You'll Make Over and Over Again,£50.62,In stock,Five,2025-05-29T22:43:45.771233
Balloon Animals,£17.03,In stock,Three,2025-05-29T22:43:45.771233
Art Ops Vol. 1,£48.80,In stock,Three,2025-05-29T22:43:45.771233
Aristotle and Dante Discover the Secrets of the Universe (Aristotle and Dante Discover the Secrets of the Universe #1),£58.14,In stock,Four,2025-05-29T22:43:45.771233
Angels Walking (Angels Walking #1),£34.20,In stock,Two,2025-05-29T22:43:45.771233
Angels & Demons (Robert Langdon #1),£51.48,In stock,Three,2025-05-29T22:43:45.771233
All the Light We Cannot See,£29.87,In stock,Five,2025-05-29T22:43:48.170759
"Adulthood Is a Myth: A ""Sarah's Scribbles"" Collection",£10.90,In stock,Two,2025-05-29T22:43:48.170759
Abstract City,£56.37,In stock,Five,2025-05-29T22:43:48.170759
A Time of Torment (Charlie Parker #14),£48.35,In stock,Five,2025-05-29T22:43:48.170759
A Study in Scarlet (Sherlock Holmes #1),£16.73,In stock,Two,2025-05-29T22:43:48.170759
"A Series of Catastrophes and Miracles: A True Story of Love, Science, and Cancer",£56.48,In stock,Two,2025-05-29T22:43:48.170759
A People's History of the United States,£40.79,In stock,Two,2025-05-29T22:43:48.170759
A Man Called Ove,£39.72,In stock,One,2025-05-29T22:43:48.170759
A Distant Mirror: The Calamitous 14th Century,£14.58,In stock,Three,2025-05-29T22:43:48.170759
A Brush of Wings (Angels Walking #3),£55.51,In stock,One,2025-05-29T22:43:48.170759
1491: New Revelations of the Americas Before Columbus,£21.80,In stock,Three,2025-05-29T22:43:48.170759
"The Three Searches, Meaning, and the Story",£13.33,In stock,Three,2025-05-29T22:43:48.170759
Searching for Meaning in Gailana,£38.73,In stock,One,2025-05-29T22:43:48.170759
Rook,£37.86,In stock,Four,2025-05-29T22:43:48.170759
My Kitchen Year: 136 Recipes That Saved My Life,£11.53,In stock,Two,2025-05-29T22:43:48.170759
13 Hours: The Inside Account of What Really Happened In Benghazi,£27.06,In stock,One,2025-05-29T22:43:48.170759
Will You Won't You Want Me?,£13.86,In stock,Three,2025-05-29T22:43:48.170759
Tipping Point for Planet Earth: How Close Are We to the Edge?,£37.55,In stock,One,2025-05-29T22:43:48.170759
The Star-Touched Queen,£32.30,In stock,Five,2025-05-29T22:43:48.170759
The Silent Sister (Riley MacPherson #1),£46.29,In stock,Five,2025-05-29T22:43:48.170759
The Midnight Watch: A Novel of the Titanic and the Californian,£26.20,In stock,One,2025-05-29T22:43:53.739885
The Lonely City: Adventures in the Art of Being Alone,£33.26,In stock,Two,2025-05-29T22:43:53.739885
The Gray Rhino: How to Recognize and Act on the Obvious Dangers We Ignore,£59.15,In stock,Four,2025-05-29T22:43:53.739885
The Golden Condom: And Other Essays on Love Lost and Found,£39.43,In stock,One,2025-05-29T22:43:53.739885
The Epidemic (The Program 0.6),£14.44,In stock,Five,2025-05-29T22:43:53.739885
The Dinner Party,£56.54,In stock,Two,2025-05-29T22:43:53.739885
The Diary of a Young Girl,£59.90,In stock,Three,2025-05-29T22:43:53.739885
The Children,£11.88,In stock,Three,2025-05-29T22:43:53.739885
Stars Above (The Lunar Chronicles #4.5),£48.05,In stock,Two,2025-05-29T22:43:53.739885
Snatched: How A Drug Queen Went Undercover for the DEA and Was Kidnapped By Colombian Guerillas,£21.21,In stock,Three,2025-05-29T22:43:53.739885
Raspberry Pi Electronics Projects for the Evil Genius,£49.67,In stock,Four,2025-05-29T22:43:53.739885
Quench Your Own Thirst: Business Lessons Learned Over a Beer or Two,£43.14,In stock,One,2025-05-29T22:43:53.739885
Psycho: Sanitarium (Psycho #1.5),£36.97,In stock,Five,2025-05-29T22:43:53.739885
Poisonous (Max Revere Novels #3),£26.80,In stock,Three,2025-05-29T22:43:53.739885
One with You (Crossfire #5),£15.71,In stock,Four,2025-05-29T22:43:53.739885
No Love Allowed (Dodge Cove #1),£54.65,In stock,Four,2025-05-29T22:43:53.739885
Murder at the 42nd Street Library (Raymond Ambler #1),£54.36,In stock,Four,2025-05-29T22:43:53.739885
Most Wanted,£35.28,In stock,Three,2025-05-29T22:43:53.739885
"Love, Lies and Spies",£20.55,In stock,Two,2025-05-29T22:43:53.739885
How to Speak Golf: An Illustrated Guide to Links Lingo,£58.32,In stock,Five,2025-05-29T22:43:53.739885
Hide Away (Eve Duncan #20),£11.84,In stock,One,2025-05-29T22:43:56.144842
Furiously Happy: A Funny Book About Horrible Things,£41.46,In stock,Four,2025-05-29T22:43:56.144842
Everyday Italian: 125 Simple and Delicious Recipes,£20.10,In stock,Five,2025-05-29T22:43:56.144842
Equal Is Unfair: America's Misguided Fight Against Income Inequality,£56.86,In stock,One,2025-05-29T22:43:56.144842
Eleanor & Park,£56.51,In stock,Five,2025-05-29T22:43:56.144842
Dirty (Dive Bar #1),£40.83,In stock,Four,2025-05-29T22:43:56.144842
Can You Keep a Secret? (Fear Street Relaunch #4),£48.64,In stock,One,2025-05-29T22:43:56.144842
Boar Island (Anna Pigeon #19),£59.48,In stock,Three,2025-05-29T22:43:56.144842
A Paris Apartment,£39.01,In stock,Four,2025-05-29T22:43:56.144842
"A la Mode: 120 Recipes in 60 Pairings: Pies, Tarts, Cakes, Crisps, and More Topped with Ice Cream, Gelato, Frozen Custard, and More",£38.77,In stock,One,2025-05-29T22:43:56.144842
Troublemaker: Surviving Hollywood and Scientology,£48.39,In stock,Two,2025-05-29T22:43:56.144842
The Widow,£27.26,In stock,Two,2025-05-29T22:43:56.144842
"The Sleep Revolution: Transforming Your Life, One Night at a Time",£11.68,In stock,Four,2025-05-29T22:43:56.144842
The Improbability of Love,£59.45,In stock,One,2025-05-29T22:43:56.144842
The Art of Startup Fundraising,£21.00,In stock,Three,2025-05-29T22:43:56.144842
Take Me Home Tonight (Rock Star Romance #3),£53.98,In stock,Three,2025-05-29T22:43:56.144842
Sleeping Giants (Themis Files #1),£48.74,In stock,One,2025-05-29T22:43:56.160467
"Setting the World on Fire: The Brief, Astonishing Life of St. Catherine of Siena",£21.15,In stock,Two,2025-05-29T22:43:56.160467
Playing with Fire,£13.71,In stock,Three,2025-05-29T22:43:56.160467
Off the Hook (Fishing for Trouble #1),£47.67,In stock,Three,2025-05-29T22:43:56.160467
Mothering Sunday,£13.34,In stock,Two,2025-05-29T22:43:58.524047
"Mother, Can You Not?",£16.89,In stock,Five,2025-05-29T22:43:58.524047
M Train,£27.18,In stock,One,2025-05-29T22:43:58.524047
Lilac Girls,£17.28,In stock,Two,2025-05-29T22:43:58.524047
Lies and Other Acts of Love,£45.14,In stock,One,2025-05-29T22:43:58.524047
Lab Girl,£40.85,In stock,One,2025-05-29T22:43:58.524047
Keep Me Posted,£20.46,In stock,Four,2025-05-29T22:43:58.524047
It Didn't Start with You: How Inherited Family Trauma Shapes Who We Are and How to End the Cycle,£56.27,In stock,Three,2025-05-29T22:43:58.524047
Grey (Fifty Shades #4),£48.49,In stock,Four,2025-05-29T22:43:58.524047
"Exit, Pursued by a Bear",£51.34,In stock,Four,2025-05-29T22:43:58.524047
Daredevils,£16.34,In stock,Three,2025-05-29T22:43:58.524047
Cravings: Recipes for What You Want to Eat,£20.50,In stock,Three,2025-05-29T22:43:58.524047
Born for This: How to Find the Work You Were Meant to Do,£21.59,In stock,Five,2025-05-29T22:43:58.524047
Arena,£21.36,In stock,Four,2025-05-29T22:43:58.524047
Adultery,£20.88,In stock,Five,2025-05-29T22:43:58.524047
A Mother's Reckoning: Living in the Aftermath of Tragedy,£19.53,In stock,Three,2025-05-29T22:43:58.539665
A Gentleman's Position (Society of Gentlemen #3),£14.75,In stock,Five,2025-05-29T22:43:58.539665
11/22/63,£48.48,In stock,Three,2025-05-29T22:43:58.539665
"10% Happier: How I Tamed the Voice in My Head, Reduced Stress Without Losing My Edge, and Found Self-Help That Actually Works",£24.57,In stock,Two,2025-05-29T22:43:58.539665
10-Day Green Smoothie Cleanse: Lose Up to 15 Pounds in 10 Days!,£49.71,In stock,Five,2025-05-29T22:43:58.539665
Without Shame,£48.27,In stock,Five,2025-05-29T22:44:00.908776
Watchmen,£58.05,In stock,Four,2025-05-29T22:44:00.908776
Unlimited Intuition Now,£58.87,In stock,Four,2025-05-29T22:44:00.908776
Underlying Notes,£11.82,In stock,Two,2025-05-29T22:44:00.908776
The Shack,£28.03,In stock,One,2025-05-29T22:44:00.908776
The New Brand You: Your New Image Makes the Sale for You,£44.05,In stock,Five,2025-05-29T22:44:00.908776
"The Moosewood Cookbook: Recipes from Moosewood Restaurant, Ithaca, New York",£12.34,In stock,Four,2025-05-29T22:44:00.908776
The Flowers Lied,£16.68,In stock,Two,2025-05-29T22:44:00.908776
"The Fabric of the Cosmos: Space, Time, and the Texture of Reality",£55.91,In stock,One,2025-05-29T22:44:00.908776
The Book of Mormon,£24.57,In stock,Three,2025-05-29T22:44:00.908776
The Art and Science of Low Carbohydrate Living,£52.98,In stock,Five,2025-05-29T22:44:00.908776
The Alien Club,£54.40,In stock,One,2025-05-29T22:44:00.908776
Suzie Snowflake: One beautiful flake (a self-esteem story),£54.81,In stock,Five,2025-05-29T22:44:00.908776
Nap-a-Roo,£25.08,In stock,One,2025-05-29T22:44:00.908776
"NaNo What Now? Finding your editing process, revising your NaNoWriMo book and building a writing career through publishing and beyond",£10.41,In stock,Four,2025-05-29T22:44:00.908776
Modern Day Fables,£47.44,In stock,Two,2025-05-29T22:44:00.908776
If I Gave You God's Phone Number....: Searching for Spirituality in America,£20.91,In stock,One,2025-05-29T22:44:00.908776
"Fruits Basket, Vol. 9 (Fruits Basket #9)",£33.95,In stock,Four,2025-05-29T22:44:00.908776
Dress Your Family in Corduroy and Denim,£43.68,In stock,Three,2025-05-29T22:44:00.908776
Don't Forget Steven,£33.23,In stock,One,2025-05-29T22:44:00.908776
Chernobyl 01:23:40: The Incredible True Story of the World's Worst Nuclear Disaster,£35.92,In stock,Two,2025-05-29T22:44:03.344729
Art and Fear: Observations on the Perils (and Rewards) of Artmaking,£48.63,In stock,Four,2025-05-29T22:44:03.344729
A Shard of Ice (The Black Symphony Saga #1),£56.63,In stock,Three,2025-05-29T22:44:03.344729
A Hero's Curse (The Unseen Chronicles #1),£50.49,In stock,Three,2025-05-29T22:44:03.344729
23 Degrees South: A Tropical Tale of Changing Whether...,£35.79,In stock,Two,2025-05-29T22:44:03.344729
"Zero to One: Notes on Startups, or How to Build the Future",£34.06,In stock,Three,2025-05-29T22:44:03.344729
Why Not Me?,£17.76,In stock,One,2025-05-29T22:44:03.344729
When Breath Becomes Air,£39.36,In stock,Two,2025-05-29T22:44:03.344729
Vagabonding: An Uncommon Guide to the Art of Long-Term World Travel,£36.94,In stock,Two,2025-05-29T22:44:03.344729
The Unlikely Pilgrimage of Harold Fry (Harold Fry #1),£43.62,In stock,Five,2025-05-29T22:44:03.344729
The New Drawing on the Right Side of the Brain,£43.02,In stock,Three,2025-05-29T22:44:03.344729
"The Midnight Assassin: Panic, Scandal, and the Hunt for America's First Serial Killer",£28.45,In stock,Four,2025-05-29T22:44:03.344729
The Martian (The Martian #1),£41.39,In stock,Two,2025-05-29T22:44:03.344729
The High Mountains of Portugal,£51.15,In stock,One,2025-05-29T22:44:03.344729
The Grownup,£35.88,In stock,One,2025-05-29T22:44:03.344729
The E-Myth Revisited: Why Most Small Businesses Don't Work and What to Do About It,£36.91,In stock,One,2025-05-29T22:44:03.344729
South of Sunshine,£28.93,In stock,One,2025-05-29T22:44:03.344729
Smarter Faster Better: The Secrets of Being Productive in Life and Business,£38.89,In stock,Five,2025-05-29T22:44:03.344729
Silence in the Dark (Logan Point #4),£58.33,In stock,Three,2025-05-29T22:44:03.344729
Shadows of the Past (Logan Point #1),£39.67,In stock,Five,2025-05-29T22:44:03.360355
Roller Girl,£14.10,In stock,Five,2025-05-29T22:44:05.739879
Rising Strong,£21.82,In stock,Three,2025-05-29T22:44:05.739879
Proofs of God: Classical Arguments from Tertullian to Barth,£54.21,In stock,One,2025-05-29T22:44:05.739879
Please Kill Me: The Uncensored Oral History of Punk,£31.19,In stock,Four,2025-05-29T22:44:05.739879
Out of Print: City Lights Spotlight No. 14,£53.64,In stock,Five,2025-05-29T22:44:05.739879
My Life Next Door (My Life Next Door ),£36.39,In stock,Five,2025-05-29T22:44:05.739879
Miller's Valley,£58.54,In stock,Two,2025-05-29T22:44:05.739879
Man's Search for Meaning,£29.48,In stock,Three,2025-05-29T22:44:05.739879
"Love That Boy: What Two Presidents, Eight Road Trips, and My Son Taught Me About a Parent's Expectations",£25.06,In stock,Two,2025-05-29T22:44:05.739879
Living Forward: A Proven Plan to Stop Drifting and Get the Life You Want,£12.55,In stock,Three,2025-05-29T22:44:05.739879
Les Fleurs du Mal,£29.04,In stock,Five,2025-05-29T22:44:05.739879
Left Behind (Left Behind #1),£40.72,In stock,Two,2025-05-29T22:44:05.739879
Kill 'Em and Leave: Searching for James Brown and the American Soul,£45.05,In stock,Five,2025-05-29T22:44:05.755510
Kierkegaard: A Christian Missionary to Christians,£47.13,In stock,One,2025-05-29T22:44:05.755510
John Vassos: Industrial Design for Modern Life,£20.22,In stock,Four,2025-05-29T22:44:05.755510
I'll Give You the Sun,£56.48,In stock,One,2025-05-29T22:44:05.755510
I Will Find You,£44.21,In stock,One,2025-05-29T22:44:05.755510
Hystopia: A Novel,£21.96,In stock,Four,2025-05-29T22:44:05.755510
Howl and Other Poems,£40.45,In stock,Two,2025-05-29T22:44:05.755510
History of Beauty,£10.29,In stock,Four,2025-05-29T22:44:05.755510
Heaven is for Real: A Little Boy's Astounding Story of His Trip to Heaven and Back,£52.86,In stock,Two,2025-05-29T22:44:08.164613
Future Shock (Future Shock #1),£55.65,In stock,Five,2025-05-29T22:44:08.164613
Ender's Game (The Ender Quintet #1),£43.64,In stock,One,2025-05-29T22:44:08.164613
Diary of a Citizen Scientist: Chasing Tiger Beetles and Other New Ways of Engaging the World,£28.41,In stock,One,2025-05-29T22:44:08.164613
Death by Leisure: A Cautionary Tale,£37.51,In stock,Four,2025-05-29T22:44:08.164613
Brilliant Beacons: A History of the American Lighthouse,£11.45,In stock,Three,2025-05-29T22:44:08.164613
Brazen: The Courage to Find the You That's Been Hiding,£19.22,In stock,Two,2025-05-29T22:44:08.164613
Between the World and Me,£56.91,In stock,Four,2025-05-29T22:44:08.164613
Being Mortal: Medicine and What Matters in the End,£55.06,In stock,Four,2025-05-29T22:44:08.164613
"A Murder Over a Girl: Justice, Gender, Junior High",£13.20,In stock,Three,2025-05-29T22:44:08.164613
32 Yolks,£53.63,In stock,Two,2025-05-29T22:44:08.164613
"""Most Blessed of the Patriarchs"": Thomas Jefferson and the Empire of the Imagination",£44.48,In stock,Five,2025-05-29T22:44:08.164613
You Are a Badass: How to Stop Doubting Your Greatness and Start Living an Awesome Life,£12.08,In stock,Three,2025-05-29T22:44:08.164613
Wildlife of New York: A Five-Borough Coloring Book,£22.14,In stock,Two,2025-05-29T22:44:08.164613
What Happened on Beale Street (Secrets of the South Mysteries #2),£25.37,In stock,Five,2025-05-29T22:44:08.164613
Unreasonable Hope: Finding Faith in the God Who Brings Purpose to Your Pain,£46.33,In stock,Two,2025-05-29T22:44:08.164613
Under the Tuscan Sun,£37.33,In stock,Three,2025-05-29T22:44:08.164613
Toddlers Are A**holes: It's Not Your Fault,£25.55,In stock,One,2025-05-29T22:44:08.164613
The Year of Living Biblically: One Man's Humble Quest to Follow the Bible as Literally as Possible,£34.72,In stock,One,2025-05-29T22:44:08.164613
The Whale,£35.96,In stock,Four,2025-05-29T22:44:08.164613
The Story of Art,£41.14,In stock,Four,2025-05-29T22:44:10.539305
The Origin of Species,£10.01,In stock,Four,2025-05-29T22:44:10.539305
The Great Gatsby,£36.05,In stock,Four,2025-05-29T22:44:10.539305
The Good Girl,£49.03,In stock,Three,2025-05-29T22:44:10.539305
The Glass Castle,£16.24,In stock,One,2025-05-29T22:44:10.539305
The Faith of Christopher Hitchens: The Restless Soul of the World's Most Notorious Atheist,£39.55,In stock,One,2025-05-29T22:44:10.539305
The Drowning Girls,£35.67,In stock,Three,2025-05-29T22:44:10.539305
The Constant Princess (The Tudor Court #1),£16.62,In stock,Three,2025-05-29T22:44:10.539305
The Bourne Identity (Jason Bourne #1),£42.78,In stock,Four,2025-05-29T22:44:10.539305
The Bachelor Girl's Guide to Murder (Herringford and Watts Mysteries #1),£52.30,In stock,Five,2025-05-29T22:44:10.539305
The Art Book,£32.34,In stock,Two,2025-05-29T22:44:10.539305
The 7 Habits of Highly Effective People: Powerful Lessons in Personal Change,£33.17,In stock,Four,2025-05-29T22:44:10.539305
Team of Rivals: The Political Genius of Abraham Lincoln,£20.12,In stock,Five,2025-05-29T22:44:10.539305
Steal Like an Artist: 10 Things Nobody Told You About Being Creative,£20.90,In stock,Two,2025-05-29T22:44:10.539305
"Sit, Stay, Love",£20.90,In stock,Three,2025-05-29T22:44:10.539305
Sister Dear,£40.20,In stock,Four,2025-05-29T22:44:10.539305
"Shrunken Treasures: Literary Classics, Short, Sweet, and Silly",£52.87,In stock,Three,2025-05-29T22:44:10.539305
"Rich Dad, Poor Dad",£51.74,In stock,One,2025-05-29T22:44:10.539305
Raymie Nightingale,£34.41,In stock,Two,2025-05-29T22:44:10.539305
Playing from the Heart,£32.38,In stock,One,2025-05-29T22:44:10.539305
Nightstruck: A Novel,£50.35,In stock,Four,2025-05-29T22:44:12.892157
"Naturally Lean: 125 Nourishing Gluten-Free, Plant-Based Recipes--All Under 300 Calories",£11.38,In stock,Five,2025-05-29T22:44:12.892157
Meternity,£43.58,In stock,Three,2025-05-29T22:44:12.892157
Memoirs of a Geisha,£49.67,In stock,Three,2025-05-29T22:44:12.892157
Like Never Before (Walker Family #2),£28.77,In stock,Two,2025-05-29T22:44:12.892157
Life of Pi,£13.22,In stock,Four,2025-05-29T22:44:12.892157
Leave This Song Behind: Teen Poetry at Its Best,£51.17,In stock,Five,2025-05-29T22:44:12.892157
King's Folly (The Kinsman Chronicles #1),£39.61,In stock,Five,2025-05-29T22:44:12.892157
John Adams,£57.43,In stock,Four,2025-05-29T22:44:12.892157
How to Cook Everything Vegetarian: Simple Meatless Recipes for Great Food (How to Cook Everything),£46.01,In stock,Four,2025-05-29T22:44:12.892157
How to Be a Domestic Goddess: Baking and the Art of Comfort Cooking,£28.25,In stock,Two,2025-05-29T22:44:12.892157
Good in Bed (Cannie Shapiro #1),£37.05,In stock,Five,2025-05-29T22:44:12.892157
"Fruits Basket, Vol. 7 (Fruits Basket #7)",£19.57,In stock,One,2025-05-29T22:44:12.892157
For the Love: Fighting for Grace in a World of Impossible Standards,£45.13,In stock,Three,2025-05-29T22:44:12.892157
Finding God in the Ruins: How God Redeems Pain,£46.64,In stock,Two,2025-05-29T22:44:12.892157
Every Heart a Doorway (Every Heart A Doorway #1),£12.16,In stock,Five,2025-05-29T22:44:12.892157
Delivering the Truth (Quaker Midwife Mystery #1),£20.89,In stock,Four,2025-05-29T22:44:12.892157
Counted With the Stars (Out from Egypt #1),£17.97,In stock,Five,2025-05-29T22:44:12.892157
"Chronicles, Vol. 1",£52.60,In stock,Two,2025-05-29T22:44:12.892157
Blue Like Jazz: Nonreligious Thoughts on Christian Spirituality,£25.77,In stock,One,2025-05-29T22:44:12.892157
Benjamin Franklin: An American Life,£48.19,In stock,Three,2025-05-29T22:44:15.249040
"At The Existentialist Café: Freedom, Being, and apricot cocktails with: Jean-Paul Sartre, Simone de Beauvoir, Albert Camus, Martin Heidegger, Edmund Husserl, Karl Jaspers, Maurice Merleau-Ponty and others",£29.93,In stock,Five,2025-05-29T22:44:15.249040
A Summer In Europe,£44.34,In stock,Two,2025-05-29T22:44:15.249040
A Short History of Nearly Everything,£52.40,In stock,Five,2025-05-29T22:44:15.249040
A Gathering of Shadows (Shades of Magic #2),£44.81,In stock,Four,2025-05-29T22:44:15.249040
The Sound Of Love,£57.84,In stock,Five,2025-05-29T22:44:15.249040
The Rise and Fall of the Third Reich: A History of Nazi Germany,£39.67,In stock,Two,2025-05-29T22:44:15.249040
The Perks of Being a Wallflower,£55.02,In stock,Three,2025-05-29T22:44:15.249040
The Mysterious Affair at Styles (Hercule Poirot #1),£24.80,In stock,Four,2025-05-29T22:44:15.249040
The Man Who Mistook His Wife for a Hat and Other Clinical Tales,£59.45,In stock,Four,2025-05-29T22:44:15.249040
The Makings of a Fatherless Child,£31.58,In stock,Two,2025-05-29T22:44:15.249040
The Joy of Cooking,£43.27,In stock,Four,2025-05-29T22:44:15.249040
The Invention of Wings,£37.34,In stock,One,2025-05-29T22:44:15.249040
The Hobbit (Middle-Earth Universe),£17.80,In stock,Five,2025-05-29T22:44:15.249040
The Great Railway Bazaar,£30.54,In stock,One,2025-05-29T22:44:15.249040
The Golden Compass (His Dark Materials #1),£18.77,In stock,One,2025-05-29T22:44:15.249040
The God Delusion,£46.85,In stock,Three,2025-05-29T22:44:15.249040
The Girl You Left Behind (The Girl You Left Behind #1),£15.79,In stock,One,2025-05-29T22:44:15.249040
The Fellowship of the Ring (The Lord of the Rings #1),£10.27,In stock,Two,2025-05-29T22:44:15.249040
The Collected Poems of W.B. Yeats (The Collected Works of W.B. Yeats #1),£15.42,In stock,Five,2025-05-29T22:44:15.249040
The Barefoot Contessa Cookbook,£59.92,In stock,Five,2025-05-29T22:44:17.724754
Tell the Wolves I'm Home,£50.96,In stock,Two,2025-05-29T22:44:17.724754
Ship Leaves Harbor: Essays on Travel by a Recovering Journeyman,£30.60,In stock,Three,2025-05-29T22:44:17.724754
Pride and Prejudice,£19.27,In stock,Four,2025-05-29T22:44:17.724754
Musicophilia: Tales of Music and the Brain,£46.58,In stock,One,2025-05-29T22:44:17.724754
Mere Christianity,£48.51,In stock,Three,2025-05-29T22:44:17.724754
Me Before You (Me Before You #1),£19.02,In stock,One,2025-05-29T22:44:17.724754
In the Woods (Dublin Murder Squad #1),£38.38,In stock,Two,2025-05-29T22:44:17.724754
In Cold Blood,£49.98,In stock,Four,2025-05-29T22:44:17.724754
How to Stop Worrying and Start Living,£46.49,In stock,Five,2025-05-29T22:44:17.724754
Give It Back,£18.32,In stock,Two,2025-05-29T22:44:17.724754
"Girl, Interrupted",£42.14,In stock,Three,2025-05-29T22:44:17.724754
Fun Home: A Family Tragicomic,£56.59,In stock,Four,2025-05-29T22:44:17.724754
"Fruits Basket, Vol. 6 (Fruits Basket #6)",£20.96,In stock,Four,2025-05-29T22:44:17.724754
Deception Point,£40.32,In stock,Four,2025-05-29T22:44:17.724754
"Death Note, Vol. 6: Give-and-Take (Death Note #6)",£36.39,In stock,Three,2025-05-29T22:44:17.724754
Catherine the Great: Portrait of a Woman,£58.55,In stock,Four,2025-05-29T22:44:17.724754
Better Homes and Gardens New Cook Book,£39.61,In stock,Three,2025-05-29T22:44:17.724754
An Unquiet Mind: A Memoir of Moods and Madness,£21.30,In stock,Three,2025-05-29T22:44:17.724754
A Year in Provence (Provence #1),£56.88,In stock,Four,2025-05-29T22:44:17.724754
World Without End (The Pillars of the Earth #2),£32.97,In stock,Four,2025-05-29T22:44:20.092014
"Will Grayson, Will Grayson (Will Grayson, Will Grayson)",£47.31,In stock,Four,2025-05-29T22:44:20.092014
Why Save the Bankers?: And Other Essays on Our Economic and Political Crisis,£48.67,In stock,Two,2025-05-29T22:44:20.092014
Where She Went (If I Stay #2),£41.73,In stock,Four,2025-05-29T22:44:20.092014
What If?: Serious Scientific Answers to Absurd Hypothetical Questions,£53.68,In stock,Four,2025-05-29T22:44:20.092014
Two Summers,£14.64,In stock,One,2025-05-29T22:44:20.092014
This Is Your Brain on Music: The Science of a Human Obsession,£38.40,In stock,One,2025-05-29T22:44:20.092014
The Secret Garden,£15.08,In stock,Four,2025-05-29T22:44:20.092014
The Raven King (The Raven Cycle #4),£30.57,In stock,Two,2025-05-29T22:44:20.092014
The Raven Boys (The Raven Cycle #1),£57.74,In stock,Four,2025-05-29T22:44:20.092014
The Power Greens Cookbook: 140 Delicious Superfood Recipes,£11.05,In stock,Five,2025-05-29T22:44:20.092014
The Metamorphosis,£28.58,In stock,One,2025-05-29T22:44:20.092014
The Mathews Men: Seven Brothers and the War Against Hitler's U-boats,£42.91,In stock,Five,2025-05-29T22:44:20.107653
The Little Paris Bookshop,£24.73,In stock,Three,2025-05-29T22:44:20.107653
The Hiding Place,£55.91,In stock,Four,2025-05-29T22:44:20.108232
The Grand Design,£13.76,In stock,Three,2025-05-29T22:44:20.108232
The Firm,£45.56,In stock,Three,2025-05-29T22:44:20.108232
The Fault in Our Stars,£47.22,In stock,One,2025-05-29T22:44:20.109247
The False Prince (The Ascendance Trilogy #1),£56.00,In stock,Five,2025-05-29T22:44:20.109247
The Expatriates,£44.58,In stock,Two,2025-05-29T22:44:20.109247
The Dream Thieves (The Raven Cycle #2),£34.50,In stock,One,2025-05-29T22:44:22.491073
The Darkest Corners,£11.33,In stock,Five,2025-05-29T22:44:22.491073
The Crossover,£38.77,In stock,Four,2025-05-29T22:44:22.491073
The 5th Wave (The 5th Wave #1),£11.83,In stock,Two,2025-05-29T22:44:22.491073
Tell the Wind and Fire,£45.51,In stock,Three,2025-05-29T22:44:22.491073
Tell Me Three Things,£41.81,In stock,One,2025-05-29T22:44:22.491073
Talking to Girls About Duran Duran: One Young Man's Quest for True Love and a Cooler Haircut,£25.15,In stock,Four,2025-05-29T22:44:22.491073
Siddhartha,£34.22,In stock,Five,2025-05-29T22:44:22.491073
Shiver (The Wolves of Mercy Falls #1),£16.23,In stock,Five,2025-05-29T22:44:22.491073
Remember Me?,£11.48,In stock,Three,2025-05-29T22:44:22.491073
Red Dragon (Hannibal Lecter #1),£23.37,In stock,Three,2025-05-29T22:44:22.491073
Peak: Secrets from the New Science of Expertise,£16.28,In stock,Two,2025-05-29T22:44:22.491073
My Mother Was Nuts,£31.63,In stock,Four,2025-05-29T22:44:22.491073
Mexican Today: New and Rediscovered Recipes for Contemporary Kitchens,£24.91,In stock,Five,2025-05-29T22:44:22.491073
Maybe Something Beautiful: How Art Transformed a Neighborhood,£22.54,In stock,One,2025-05-29T22:44:22.506687
Lola and the Boy Next Door (Anna and the French Kiss #2),£23.63,In stock,Four,2025-05-29T22:44:22.506687
Logan Kade (Fallen Crest High #5.5),£13.12,In stock,Two,2025-05-29T22:44:22.506687
Last One Home (New Beginnings #1),£59.98,In stock,Three,2025-05-29T22:44:22.506687
Killing Floor (Jack Reacher #1),£31.49,In stock,Four,2025-05-29T22:44:22.506687
Kill the Boy Band,£15.52,In stock,Five,2025-05-29T22:44:22.506687
Isla and the Happily Ever After (Anna and the French Kiss #3),£48.13,In stock,Five,2025-05-29T22:44:24.876136
If I Stay (If I Stay #1),£38.13,In stock,Five,2025-05-29T22:44:24.876136
I Know Why the Caged Bird Sings (Maya Angelou's Autobiography #1),£36.55,In stock,Two,2025-05-29T22:44:24.876136
Harry Potter and the Deathly Hallows (Harry Potter #7),£23.32,In stock,One,2025-05-29T22:44:24.876136
"Fruits Basket, Vol. 5 (Fruits Basket #5)",£16.33,In stock,One,2025-05-29T22:44:24.876136
Foundation (Foundation (Publication Order) #1),£32.42,In stock,One,2025-05-29T22:44:24.876136
Fool Me Once,£16.96,In stock,One,2025-05-29T22:44:24.876136
Find Her (Detective D.D. Warren #8),£22.37,In stock,One,2025-05-29T22:44:24.876136
Evicted: Poverty and Profit in the American City,£42.27,In stock,One,2025-05-29T22:44:24.876136
Drama,£38.70,In stock,Two,2025-05-29T22:44:24.876136
Dracula the Un-Dead,£35.63,In stock,Five,2025-05-29T22:44:24.876136
Digital Fortress,£58.00,In stock,Five,2025-05-29T22:44:24.876136
"Death Note, Vol. 5: Whiteout (Death Note #5)",£52.41,In stock,One,2025-05-29T22:44:24.876136
"Data, A Love Story: How I Gamed Online Dating to Meet My Match",£32.35,In stock,Three,2025-05-29T22:44:24.876136
Critique of Pure Reason,£20.75,In stock,One,2025-05-29T22:44:24.891764
Booked,£17.49,In stock,Five,2025-05-29T22:44:24.891764
"Blue Lily, Lily Blue (The Raven Cycle #3)",£34.13,In stock,Five,2025-05-29T22:44:24.891764
Approval Junkie: Adventures in Caring Too Much,£58.81,In stock,Five,2025-05-29T22:44:24.891764
An Abundance of Katherines,£10.00,In stock,Five,2025-05-29T22:44:24.891764
America's War for the Greater Middle East: A Military History,£51.22,In stock,Two,2025-05-29T22:44:24.891764
Alight (The Generations Trilogy #2),£58.59,In stock,Four,2025-05-29T22:44:27.293155
A Girl's Guide to Moving On (New Beginnings #2),£31.30,In stock,One,2025-05-29T22:44:27.293155
A Game of Thrones (A Song of Ice and Fire #1),£46.42,In stock,Two,2025-05-29T22:44:27.294158
A Feast for Crows (A Song of Ice and Fire #4),£17.21,In stock,Four,2025-05-29T22:44:27.294158
A Clash of Kings (A Song of Ice and Fire #2),£10.79,In stock,Three,2025-05-29T22:44:27.294158
Vogue Colors A to Z: A Fashion Coloring Book,£52.35,In stock,Four,2025-05-29T22:44:27.295158
The Shining (The Shining #1),£27.88,In stock,Three,2025-05-29T22:44:27.295158
The Pilgrim's Progress,£50.26,In stock,Two,2025-05-29T22:44:27.295158
The Perfect Play (Play by Play #1),£59.99,In stock,Three,2025-05-29T22:44:27.296158
The Passion of Dolssa,£28.32,In stock,Five,2025-05-29T22:44:27.296158
The Jazz of Physics: The Secret Link Between Music and the Structure of the Universe,£38.71,In stock,Three,2025-05-29T22:44:27.296158
The Hunger Games (The Hunger Games #1),£29.85,In stock,Five,2025-05-29T22:44:27.297158
The Hound of the Baskervilles (Sherlock Holmes #5),£14.82,In stock,Two,2025-05-29T22:44:27.297158
The Gunning of America: Business and the Making of American Gun Culture,£16.81,In stock,Four,2025-05-29T22:44:27.297158
The Geography of Bliss: One Grump's Search for the Happiest Places in the World,£28.23,In stock,Two,2025-05-29T22:44:27.297158
The Demonists (Demonist #1),£52.11,In stock,Two,2025-05-29T22:44:27.298157
"The Demon Prince of Momochi House, Vol. 4 (The Demon Prince of Momochi House #4)",£27.88,In stock,Two,2025-05-29T22:44:27.298157
The Bone Hunters (Lexy Vaughan & Steven Macaulay #2),£59.71,In stock,Three,2025-05-29T22:44:27.299156
The Beast (Black Dagger Brotherhood #14),£46.08,In stock,Five,2025-05-29T22:44:27.299156
Some Women,£13.73,In stock,Five,2025-05-29T22:44:27.300160
Shopaholic Ties the Knot (Shopaholic #3),£48.39,In stock,Five,2025-05-29T22:44:29.675736
Paper and Fire (The Great Library #2),£49.45,In stock,Five,2025-05-29T22:44:29.675736
Outlander (Outlander #1),£19.67,In stock,Five,2025-05-29T22:44:29.675736
"Orchestra of Exiles: The Story of Bronislaw Huberman, the Israel Philharmonic, and the One Thousand Jews He Saved from Nazi Horrors",£12.36,In stock,Three,2025-05-29T22:44:29.675736
No One Here Gets Out Alive,£20.02,In stock,Five,2025-05-29T22:44:29.675736
Night Shift (Night Shift #1-20),£12.75,In stock,Four,2025-05-29T22:44:29.675736
Needful Things,£47.51,In stock,Four,2025-05-29T22:44:29.675736
Mockingjay (The Hunger Games #3),£20.44,In stock,Four,2025-05-29T22:44:29.675736
Misery,£34.79,In stock,Two,2025-05-29T22:44:29.675736
Little Women (Little Women #1),£28.07,In stock,Four,2025-05-29T22:44:29.675736
It,£25.01,In stock,Three,2025-05-29T22:44:29.675736
Harry Potter and the Sorcerer's Stone (Harry Potter #1),£13.90,In stock,Three,2025-05-29T22:44:29.675736
Harry Potter and the Prisoner of Azkaban (Harry Potter #3),£24.17,In stock,Four,2025-05-29T22:44:29.675736
Harry Potter and the Order of the Phoenix (Harry Potter #5),£31.63,In stock,Four,2025-05-29T22:44:29.675736
Harry Potter and the Half-Blood Prince (Harry Potter #6),£48.75,In stock,Five,2025-05-29T22:44:29.675736
Harry Potter and the Chamber of Secrets (Harry Potter #2),£14.74,In stock,One,2025-05-29T22:44:29.675736
Gone with the Wind,£32.49,In stock,Three,2025-05-29T22:44:29.675736
God Is Not Great: How Religion Poisons Everything,£27.80,In stock,One,2025-05-29T22:44:29.675736
Girl With a Pearl Earring,£26.77,In stock,One,2025-05-29T22:44:29.675736
"Fruits Basket, Vol. 4 (Fruits Basket #4)",£50.44,In stock,Four,2025-05-29T22:44:29.675736
Far From True (Promise Falls Trilogy #2),£34.93,In stock,Two,2025-05-29T22:44:32.091477
Dark Lover (Black Dagger Brotherhood #1),£12.87,In stock,One,2025-05-29T22:44:32.091477
Confessions of a Shopaholic (Shopaholic #1),£48.94,In stock,Two,2025-05-29T22:44:32.091477
Changing the Game (Play by Play #2),£13.38,In stock,Three,2025-05-29T22:44:32.091477
Candide,£58.63,In stock,Three,2025-05-29T22:44:32.091477
Can You Keep a Secret?,£21.94,In stock,One,2025-05-29T22:44:32.091477
Atlas Shrugged,£26.58,In stock,Five,2025-05-29T22:44:32.091477
Animal Farm,£57.22,In stock,Three,2025-05-29T22:44:32.091477
A Walk to Remember,£56.43,In stock,One,2025-05-29T22:44:32.091477
A New Earth: Awakening to Your Life's Purpose,£55.65,In stock,Five,2025-05-29T22:44:32.091477
"A History of God: The 4,000-Year Quest of Judaism, Christianity, and Islam",£27.62,In stock,One,2025-05-29T22:44:32.091477
'Salem's Lot,£49.56,In stock,Four,2025-05-29T22:44:32.091477
Zero History (Blue Ant #3),£34.77,In stock,One,2025-05-29T22:44:32.091477
Wuthering Heights,£17.73,In stock,Three,2025-05-29T22:44:32.091477
World War Z: An Oral History of the Zombie War,£21.80,In stock,One,2025-05-29T22:44:32.091477
Wild: From Lost to Found on the Pacific Crest Trail,£46.02,In stock,Three,2025-05-29T22:44:32.091477
"Where'd You Go, Bernadette",£18.13,In stock,One,2025-05-29T22:44:32.091477
When You Are Engulfed in Flames,£30.89,In stock,Five,2025-05-29T22:44:32.091477
We the People: The Modern-Day Figures Who Have Reshaped and Affirmed the Founding Fathers' Vision of America,£31.95,In stock,Three,2025-05-29T22:44:32.091477
We Are All Completely Beside Ourselves,£24.04,In stock,One,2025-05-29T22:44:32.091477
Walk the Edge (Thunder Road #2),£32.36,In stock,Three,2025-05-29T22:44:34.500167
Voyager (Outlander #3),£21.07,In stock,Five,2025-05-29T22:44:34.500167
Very Good Lives: The Fringe Benefits of Failure and the Importance of Imagination,£50.66,In stock,Three,2025-05-29T22:44:34.500167
Vegan Vegetarian Omnivore: Dinner for Everyone at the Table,£13.66,In stock,Two,2025-05-29T22:44:34.500167
"Unstuffed: Decluttering Your Home, Mind, and Soul",£58.09,In stock,One,2025-05-29T22:44:34.501196
Under the Banner of Heaven: A Story of Violent Faith,£30.00,In stock,One,2025-05-29T22:44:34.501196
Two Boys Kissing,£32.74,In stock,Two,2025-05-29T22:44:34.501196
Twilight (Twilight #1),£41.93,In stock,Two,2025-05-29T22:44:34.501196
Twenties Girl,£42.80,In stock,Two,2025-05-29T22:44:34.501196
"Trespassing Across America: One Man's Epic, Never-Done-Before (and Sort of Illegal) Hike Across the Heartland",£53.51,In stock,One,2025-05-29T22:44:34.501196
Three-Martini Lunch,£23.21,In stock,Three,2025-05-29T22:44:34.501196
"Thinking, Fast and Slow",£21.14,In stock,One,2025-05-29T22:44:34.501196
The Wild Robot,£56.07,In stock,Three,2025-05-29T22:44:34.501196
"The Wicked + The Divine, Vol. 3: Commercial Suicide (The Wicked + The Divine)",£14.41,In stock,Three,2025-05-29T22:44:34.501196
The Undomestic Goddess,£45.75,In stock,Four,2025-05-29T22:44:34.501196
The Travelers,£15.77,In stock,One,2025-05-29T22:44:34.501196
The Tipping Point: How Little Things Can Make a Big Difference,£10.02,In stock,Two,2025-05-29T22:44:34.501196
The Thing About Jellyfish,£48.77,In stock,One,2025-05-29T22:44:34.501196
The Stand,£57.86,In stock,Two,2025-05-29T22:44:34.501196
The Smitten Kitchen Cookbook,£23.59,In stock,One,2025-05-29T22:44:34.501196
The Silkworm (Cormoran Strike #2),£23.05,In stock,Five,2025-05-29T22:44:37.126630
"The Sandman, Vol. 3: Dream Country (The Sandman (volumes) #3)",£55.55,In stock,Five,2025-05-29T22:44:37.126630
The Rose & the Dagger (The Wrath and the Dawn #2),£58.64,In stock,Four,2025-05-29T22:44:37.126630
The Road to Little Dribbling: Adventures of an American in Britain (Notes From a Small Island #2),£23.21,In stock,One,2025-05-29T22:44:37.126630
The Rise of Theodore Roosevelt (Theodore Roosevelt #1),£42.57,In stock,Three,2025-05-29T22:44:37.126630
The Restaurant at the End of the Universe (Hitchhiker's Guide to the Galaxy #2),£10.92,In stock,One,2025-05-29T22:44:37.126630
The Rest Is Noise: Listening to the Twentieth Century,£34.77,In stock,One,2025-05-29T22:44:37.126630
The Red Tent,£35.66,In stock,Five,2025-05-29T22:44:37.126630
The Purpose Driven Life: What on Earth Am I Here for?,£37.19,In stock,Three,2025-05-29T22:44:37.126630
The Purest Hook (Second Circle Tattoos #3),£12.25,In stock,One,2025-05-29T22:44:37.126630
The Picture of Dorian Gray,£29.70,In stock,Two,2025-05-29T22:44:37.126630
The Paris Wife,£36.80,In stock,Three,2025-05-29T22:44:37.126630
The Obsession,£45.43,In stock,One,2025-05-29T22:44:37.126630
The Nightingale,£26.26,In stock,Four,2025-05-29T22:44:37.126630
The New Guy (and Other Senior Year Distractions),£44.92,In stock,Three,2025-05-29T22:44:37.126630
The Nanny Diaries (Nanny #1),£52.53,In stock,Five,2025-05-29T22:44:37.126630
The Name of God is Mercy,£37.25,In stock,Two,2025-05-29T22:44:37.126630
The Maze Runner (The Maze Runner #1),£20.93,In stock,One,2025-05-29T22:44:37.126630
The Lover's Dictionary,£58.09,In stock,Two,2025-05-29T22:44:37.126630
The Lonely Ones,£43.59,In stock,Five,2025-05-29T22:44:37.126630
The Lean Startup: How Today's Entrepreneurs Use Continuous Innovation to Create Radically Successful Businesses,£33.92,In stock,Three,2025-05-29T22:44:39.493176
The Last Painting of Sara de Vos,£55.55,In stock,Two,2025-05-29T22:44:39.493176
"The Land of 10,000 Madonnas",£29.64,In stock,Four,2025-05-29T22:44:39.493176
The Infinities,£27.41,In stock,One,2025-05-29T22:44:39.493176
The Husband's Secret,£52.51,In stock,Five,2025-05-29T22:44:39.493176
The Hitchhiker's Guide to the Galaxy (Hitchhiker's Guide to the Galaxy #1),£47.80,In stock,Three,2025-05-29T22:44:39.493176
The Guns of August,£14.54,In stock,Two,2025-05-29T22:44:39.493176
The Guernsey Literary and Potato Peel Pie Society,£49.53,In stock,One,2025-05-29T22:44:39.493176
The Goldfinch,£43.58,In stock,Three,2025-05-29T22:44:39.493176
The Giver (The Giver Quartet #1),£12.30,In stock,One,2025-05-29T22:44:39.493176
The Girl with All the Gifts,£49.47,In stock,Three,2025-05-29T22:44:39.493176
The Girl Who Played with Fire (Millennium Trilogy #2),£22.14,In stock,Two,2025-05-29T22:44:39.493176
The Girl Who Kicked the Hornet's Nest (Millennium Trilogy #3),£57.48,In stock,One,2025-05-29T22:44:39.493176
The Exiled,£43.45,In stock,Three,2025-05-29T22:44:39.493176
"The End of Faith: Religion, Terror, and the Future of Reason",£22.13,In stock,Four,2025-05-29T22:44:39.493176
"The Elegant Universe: Superstrings, Hidden Dimensions, and the Quest for the Ultimate Theory",£13.03,In stock,Four,2025-05-29T22:44:39.493176
"The Disappearing Spoon: And Other True Tales of Madness, Love, and the History of the World from the Periodic Table of the Elements",£57.35,In stock,Five,2025-05-29T22:44:39.493176
The Devil Wears Prada (The Devil Wears Prada #1),£44.29,In stock,One,2025-05-29T22:44:39.493176
The Demon-Haunted World: Science as a Candle in the Dark,£52.25,In stock,Four,2025-05-29T22:44:39.493176
The Day the Crayons Came Home (Crayons),£26.33,In stock,Five,2025-05-29T22:44:39.493176
The Da Vinci Code (Robert Langdon #2),£22.96,In stock,Two,2025-05-29T22:44:42.107113
The Cuckoo's Calling (Cormoran Strike #1),£19.21,In stock,One,2025-05-29T22:44:42.107113
The Complete Stories and Poems (The Works of Edgar Allan Poe [Cameo Edition]),£26.78,In stock,Four,2025-05-29T22:44:42.107113
The Complete Poems,£41.32,In stock,Five,2025-05-29T22:44:42.107113
The Catcher in the Rye,£24.55,In stock,One,2025-05-29T22:44:42.107113
The Cat in the Hat (Beginner Books B-1),£16.26,In stock,Two,2025-05-29T22:44:42.122738
The Case for Christ (Cases for Christianity),£47.84,In stock,One,2025-05-29T22:44:42.122738
The Book Thief,£53.49,In stock,Two,2025-05-29T22:44:42.122738
The Book of Basketball: The NBA According to The Sports Guy,£44.84,In stock,Five,2025-05-29T22:44:42.122738
The Blind Side: Evolution of a Game,£53.71,In stock,Five,2025-05-29T22:44:42.122738
The Autobiography of Malcolm X,£23.43,In stock,Two,2025-05-29T22:44:42.122738
"The Art of Simple Food: Notes, Lessons, and Recipes from a Delicious Revolution",£34.32,In stock,Three,2025-05-29T22:44:42.122738
The Art of Fielding,£22.10,In stock,One,2025-05-29T22:44:42.122738
"Surely You're Joking, Mr. Feynman!: Adventures of a Curious Character",£25.83,In stock,Two,2025-05-29T22:44:42.122738
Stiff: The Curious Lives of Human Cadavers,£36.74,In stock,Three,2025-05-29T22:44:42.122738
Spilled Milk: Based on a True Story,£49.51,In stock,One,2025-05-29T22:44:42.122738
Something Borrowed (Darcy & Rachel #1),£48.96,In stock,Five,2025-05-29T22:44:42.122738
Something Blue (Darcy & Rachel #2),£54.62,In stock,One,2025-05-29T22:44:42.122738
Soldier (Talon #3),£24.72,In stock,Two,2025-05-29T22:44:42.122738
Shopaholic & Baby (Shopaholic #5),£46.45,In stock,Two,2025-05-29T22:44:42.122738
Seven Days in the Art World,£52.33,In stock,Two,2025-05-29T22:44:44.482073
Seven Brief Lessons on Physics,£30.60,In stock,Four,2025-05-29T22:44:44.482073
Scarlet (The Lunar Chronicles #2),£14.57,In stock,Four,2025-05-29T22:44:44.482073
Sarah's Key,£46.29,In stock,One,2025-05-29T22:44:44.482073
"Saga, Volume 3 (Saga (Collected Editions) #3)",£21.57,In stock,Five,2025-05-29T22:44:44.482073
Running with Scissors,£12.91,In stock,Four,2025-05-29T22:44:44.482073
Rogue Lawyer (Rogue Lawyer #1),£50.11,In stock,Three,2025-05-29T22:44:44.482073
"Rise of the Rocket Girls: The Women Who Propelled Us, from Missiles to the Moon to Mars",£41.67,In stock,Four,2025-05-29T22:44:44.482073
Rework,£44.88,In stock,Two,2025-05-29T22:44:44.482073
Reservations for Two,£11.10,In stock,Three,2025-05-29T22:44:44.482073
Red: The True Story of Red Riding Hood,£28.54,In stock,Three,2025-05-29T22:44:44.482073
Ready Player One,£19.07,In stock,Four,2025-05-29T22:44:44.482073
Quiet: The Power of Introverts in a World That Can't Stop Talking,£43.55,In stock,One,2025-05-29T22:44:44.482073
Prodigy: The Graphic Novel (Legend: The Graphic Novel #2),£43.63,In stock,Three,2025-05-29T22:44:44.482073
Persepolis: The Story of a Childhood (Persepolis #1-2),£39.13,In stock,One,2025-05-29T22:44:44.482073
Packing for Mars: The Curious Science of Life in the Void,£56.68,In stock,Two,2025-05-29T22:44:44.482073
Outliers: The Story of Success,£14.16,In stock,One,2025-05-29T22:44:44.482073
Original Fake,£31.45,In stock,Three,2025-05-29T22:44:44.482073
Orange Is the New Black,£24.61,In stock,Two,2025-05-29T22:44:44.497750
One for the Money (Stephanie Plum #1),£32.87,In stock,Two,2025-05-29T22:44:44.497750
Notes from a Small Island (Notes From a Small Island #1),£40.17,In stock,One,2025-05-29T22:44:47.148856
Night (The Night Trilogy #1),£13.51,In stock,One,2025-05-29T22:44:47.149874
Neither Here nor There: Travels in Europe,£38.95,In stock,Three,2025-05-29T22:44:47.149874
Naked,£31.69,In stock,Three,2025-05-29T22:44:47.150885
Morning Star (Red Rising #3),£29.40,In stock,One,2025-05-29T22:44:47.150885
"Miracles from Heaven: A Little Girl, Her Journey to Heaven, and Her Amazing Story of Healing",£57.83,In stock,One,2025-05-29T22:44:47.150885
Midnight Riot (Peter Grant/ Rivers of London - books #1),£55.46,In stock,Two,2025-05-29T22:44:47.151881
Me Talk Pretty One Day,£57.60,In stock,Two,2025-05-29T22:44:47.151881
Manuscript Found in Accra,£34.98,In stock,Two,2025-05-29T22:44:47.152884
Lust & Wonder,£11.87,In stock,Two,2025-05-29T22:44:47.152884
Lila (Gilead #3),£12.47,In stock,Three,2025-05-29T22:44:47.152884
"Life, the Universe and Everything (Hitchhiker's Guide to the Galaxy #3)",£33.26,In stock,Two,2025-05-29T22:44:47.153882
Life Without a Recipe,£59.04,In stock,Five,2025-05-29T22:44:47.153882
Life After Life,£26.13,In stock,Two,2025-05-29T22:44:47.154881
Letter to a Christian Nation,£22.20,In stock,One,2025-05-29T22:44:47.154881
Let's Pretend This Never Happened: A Mostly True Memoir,£45.11,In stock,One,2025-05-29T22:44:47.154881
Legend (Legend #1),£43.69,In stock,Four,2025-05-29T22:44:47.155881
"Lean In: Women, Work, and the Will to Lead",£25.02,In stock,One,2025-05-29T22:44:47.155881
"Lamb: The Gospel According to Biff, Christ's Childhood Pal",£55.50,In stock,Five,2025-05-29T22:44:47.156881
Lady Renegades (Rebel Belle #3),£53.04,In stock,Five,2025-05-29T22:44:47.156881
Jurassic Park (Jurassic Park #1),£44.97,In stock,One,2025-05-29T22:44:49.528946
It's Never Too Late to Begin Again: Discovering Creativity and Meaning at Midlife and Beyond,£42.38,In stock,One,2025-05-29T22:44:49.528946
Is Everyone Hanging Out Without Me? (And Other Concerns),£20.11,In stock,Three,2025-05-29T22:44:49.528946
Into the Wild,£56.70,In stock,Five,2025-05-29T22:44:49.528946
Inferno (Robert Langdon #4),£41.00,In stock,Five,2025-05-29T22:44:49.528946
"In the Garden of Beasts: Love, Terror, and an American Family in Hitler's Berlin",£28.85,In stock,Three,2025-05-29T22:44:49.528946
If I Run (If I Run #1),£49.97,In stock,Four,2025-05-29T22:44:49.528946
I've Got Your Number,£19.69,In stock,One,2025-05-29T22:44:49.528946
I Am Malala: The Girl Who Stood Up for Education and Was Shot by the Taliban,£28.88,In stock,Two,2025-05-29T22:44:49.528946
Hungry Girl Clean & Hungry: Easy All-Natural Recipes for Healthy Eating in the Real World,£33.14,In stock,Three,2025-05-29T22:44:49.528946
"House of Lost Worlds: Dinosaurs, Dynasties, and the Story of Life on Earth",£43.70,In stock,Two,2025-05-29T22:44:49.545174
House of Leaves,£54.89,In stock,One,2025-05-29T22:44:49.545835
Horrible Bear!,£37.52,In stock,Two,2025-05-29T22:44:49.546060
Holidays on Ice,£51.07,In stock,Two,2025-05-29T22:44:49.546060
Heir to the Sky,£44.07,In stock,Four,2025-05-29T22:44:49.546060
Green Eggs and Ham (Beginner Books B-16),£10.79,In stock,Four,2025-05-29T22:44:49.546060
"Grayson, Vol 3: Nemesis (Grayson #3)",£42.72,In stock,One,2025-05-29T22:44:49.546060
Gratitude,£26.66,In stock,Five,2025-05-29T22:44:49.548727
Gone Girl,£37.60,In stock,Five,2025-05-29T22:44:49.548727
Golden (Heart of Dread #3),£42.21,In stock,Four,2025-05-29T22:44:49.549746
Girl in the Blue Coat,£46.83,In stock,Two,2025-05-29T22:44:51.943430
"Fruits Basket, Vol. 3 (Fruits Basket #3)",£45.17,In stock,Two,2025-05-29T22:44:51.943430
"Friday Night Lights: A Town, a Team, and a Dream",£51.22,In stock,Three,2025-05-29T22:44:51.943430
Fire Bound (Sea Haven/Sisters of the Heart #5),£21.28,In stock,Four,2025-05-29T22:44:51.943430
Fifty Shades Freed (Fifty Shades #3),£15.36,In stock,Five,2025-05-29T22:44:51.943430
Fellside,£38.62,In stock,One,2025-05-29T22:44:51.943430
Extreme Prey (Lucas Davenport #26),£25.40,In stock,Three,2025-05-29T22:44:51.943430
Eragon (The Inheritance Cycle #1),£43.87,In stock,Three,2025-05-29T22:44:51.943430
Eclipse (Twilight #3),£18.74,In stock,One,2025-05-29T22:44:51.943430
Dune (Dune #1),£54.86,In stock,One,2025-05-29T22:44:51.943430
Dracula,£52.62,In stock,Three,2025-05-29T22:44:51.943430
Do Androids Dream of Electric Sheep? (Blade Runner #1),£51.48,In stock,One,2025-05-29T22:44:51.948657
Disrupted: My Misadventure in the Start-Up Bubble,£15.28,In stock,Five,2025-05-29T22:44:51.948657
Dead Wake: The Last Crossing of the Lusitania,£39.24,In stock,Five,2025-05-29T22:44:51.949679
"David and Goliath: Underdogs, Misfits, and the Art of Battling Giants",£17.81,In stock,One,2025-05-29T22:44:51.949679
Darkfever (Fever #1),£56.02,In stock,One,2025-05-29T22:44:51.949679
Dark Places,£23.90,In stock,Five,2025-05-29T22:44:51.950669
Crazy Rich Asians (Crazy Rich Asians #1),£49.13,In stock,Five,2025-05-29T22:44:51.950669
Counting Thyme,£10.62,In stock,One,2025-05-29T22:44:51.950669
Cosmos,£36.17,In stock,Two,2025-05-29T22:44:51.951668
Civilization and Its Discontents,£59.95,In stock,Two,2025-05-29T22:44:54.365081
Cinder (The Lunar Chronicles #1),£26.09,In stock,One,2025-05-29T22:44:54.365081
Catastrophic Happiness: Finding Joy in Childhood's Messy Years,£37.35,In stock,Two,2025-05-29T22:44:54.365081
Career of Evil (Cormoran Strike #3),£24.72,In stock,Two,2025-05-29T22:44:54.365081
Breaking Dawn (Twilight #4),£35.28,In stock,Five,2025-05-29T22:44:54.365081
Brave Enough,£51.32,In stock,Five,2025-05-29T22:44:54.365081
Boy Meets Boy,£21.12,In stock,Three,2025-05-29T22:44:54.365081
"Born to Run: A Hidden Tribe, Superathletes, and the Greatest Race the World Has Never Seen",£27.35,In stock,Two,2025-05-29T22:44:54.365081
Blink: The Power of Thinking Without Thinking,£21.74,In stock,Five,2025-05-29T22:44:54.365081
Black Flags: The Rise of ISIS,£40.87,In stock,One,2025-05-29T22:44:54.365081
"Black Butler, Vol. 1 (Black Butler #1)",£49.31,In stock,One,2025-05-29T22:44:54.365081
Big Little Lies,£22.11,In stock,One,2025-05-29T22:44:54.365081
Between Shades of Gray,£20.79,In stock,Five,2025-05-29T22:44:54.365081
Best of My Love (Fool's Gold #20),£27.41,In stock,Two,2025-05-29T22:44:54.365081
Beowulf,£38.35,In stock,Two,2025-05-29T22:44:54.365081
Beautiful Creatures (Caster Chronicles #1),£21.55,In stock,Five,2025-05-29T22:44:54.365081
Awkward,£38.02,In stock,Two,2025-05-29T22:44:54.365081
Ash,£22.06,In stock,Four,2025-05-29T22:44:54.365081
Are We There Yet?,£10.66,In stock,Three,2025-05-29T22:44:54.365081
Are We Smart Enough to Know How Smart Animals Are?,£56.58,In stock,One,2025-05-29T22:44:54.365081
Annie on My Mind,£36.83,In stock,Five,2025-05-29T22:44:56.723698
And Then There Were None,£35.01,In stock,Two,2025-05-29T22:44:56.723698
A Walk in the Woods: Rediscovering America on the Appalachian Trail,£30.48,In stock,Four,2025-05-29T22:44:56.723698
A Visit from the Goon Squad,£14.08,In stock,Five,2025-05-29T22:44:56.723698
A Storm of Swords (A Song of Ice and Fire #3),£31.22,In stock,Two,2025-05-29T22:44:56.723698
A Heartbreaking Work of Staggering Genius,£54.29,In stock,Five,2025-05-29T22:44:56.723698
8 Keys to Mental Health Through Exercise,£31.04,In stock,One,2025-05-29T22:44:56.723698
#GIRLBOSS,£50.96,In stock,One,2025-05-29T22:44:56.723698
"The Suffragettes (Little Black Classics, #96)",£11.89,In stock,Two,2025-05-29T22:44:56.723698
The Sense of an Ending,£31.38,In stock,Three,2025-05-29T22:44:56.723698
"The Sandman, Vol. 2: The Doll's House (The Sandman (volumes) #2)",£54.81,In stock,One,2025-05-29T22:44:56.723698
The Course of Love,£16.78,In stock,Three,2025-05-29T22:44:56.723698
Sugar Rush (Offensive Line #2),£24.42,In stock,One,2025-05-29T22:44:56.723698
"Saga, Volume 2 (Saga (Collected Editions) #2)",£11.75,In stock,Three,2025-05-29T22:44:56.723698
"Run, Spot, Run: The Ethics of Keeping Pets",£20.02,In stock,One,2025-05-29T22:44:56.723698
New Moon (Twilight #2),£12.86,In stock,Four,2025-05-29T22:44:56.739323
Life,£31.58,In stock,Five,2025-05-29T22:44:56.739990
Kindle Paperwhite User's Guide,£34.00,In stock,Three,2025-05-29T22:44:56.740676
H is for Hawk,£57.42,In stock,Five,2025-05-29T22:44:56.740676
Girl Online On Tour (Girl Online #2),£53.47,In stock,One,2025-05-29T22:44:56.740676
"Fruits Basket, Vol. 2 (Fruits Basket #2)",£11.64,In stock,Five,2025-05-29T22:44:59.150455
Diary of a Minecraft Zombie Book 1: A Scare of a Dare (An Unofficial Minecraft Book),£52.88,In stock,Four,2025-05-29T22:44:59.151456
"Y: The Last Man, Vol. 1: Unmanned (Y: The Last Man #1)",£18.51,In stock,Four,2025-05-29T22:44:59.151456
While You Were Mine,£41.32,In stock,Five,2025-05-29T22:44:59.151456
Where Lightning Strikes (Bleeding Stars #3),£39.77,In stock,Three,2025-05-29T22:44:59.152453
When I'm Gone,£51.96,In stock,Three,2025-05-29T22:44:59.152453
Ways of Seeing,£39.51,In stock,Five,2025-05-29T22:44:59.152453
"Vampire Knight, Vol. 1 (Vampire Knight #1)",£15.40,In stock,One,2025-05-29T22:44:59.153453
Vampire Girl (Vampire Girl #1),£53.82,In stock,Two,2025-05-29T22:44:59.153453
Twenty Love Poems and a Song of Despair,£30.95,In stock,Four,2025-05-29T22:44:59.153453
Travels with Charley: In Search of America,£57.82,In stock,Five,2025-05-29T22:44:59.154453
Three Wishes (River of Time: California #1),£44.18,In stock,Two,2025-05-29T22:44:59.154453
This One Moment (Pushing Limits #1),£48.71,In stock,One,2025-05-29T22:44:59.154453
The Zombie Room,£19.69,In stock,Five,2025-05-29T22:44:59.154453
"The Wicked + The Divine, Vol. 1: The Faust Act (The Wicked + The Divine)",£36.52,In stock,Two,2025-05-29T22:44:59.155453
The Tumor,£41.56,In stock,Five,2025-05-29T22:44:59.155453
The Story of Hong Gildong,£43.19,In stock,Four,2025-05-29T22:44:59.155453
The Silent Wife,£12.34,In stock,Five,2025-05-29T22:44:59.156453
The Silent Twin (Detective Jennifer Knight #3),£36.25,In stock,Three,2025-05-29T22:44:59.156453
The Selfish Gene,£29.45,In stock,One,2025-05-29T22:44:59.156453
The Secret Healer,£34.56,In stock,Three,2025-05-29T22:45:01.524862
"The Sandman, Vol. 1: Preludes and Nocturnes (The Sandman (volumes) #1)",£54.12,In stock,Three,2025-05-29T22:45:01.524862
The Republic,£33.78,In stock,Three,2025-05-29T22:45:01.524862
The Odyssey,£29.64,In stock,Three,2025-05-29T22:45:01.524862
The No. 1 Ladies' Detective Agency (No. 1 Ladies' Detective Agency #1),£57.70,In stock,Four,2025-05-29T22:45:01.524862
The Nicomachean Ethics,£36.34,In stock,One,2025-05-29T22:45:01.524862
The Name of the Wind (The Kingkiller Chronicle #1),£50.59,In stock,Three,2025-05-29T22:45:01.524862
The Mirror & the Maze (The Wrath and the Dawn #1.5),£29.38,In stock,One,2025-05-29T22:45:01.524862
The Little Prince,£45.42,In stock,Two,2025-05-29T22:45:01.524862
The Light of the Fireflies,£54.43,In stock,One,2025-05-29T22:45:01.524862
The Last Girl (The Dominion Trilogy #1),£36.26,In stock,Two,2025-05-29T22:45:01.524862
The Iliad,£16.16,In stock,One,2025-05-29T22:45:01.524862
The Hook Up (Game On #1),£36.29,In stock,Five,2025-05-29T22:45:01.524862
The Haters,£27.89,In stock,Five,2025-05-29T22:45:01.524862
The Girl You Lost,£12.29,In stock,Five,2025-05-29T22:45:01.524862
The Girl In The Ice (DCI Erika Foster #1),£15.85,In stock,Three,2025-05-29T22:45:01.524862
The End of the Jesus Era (An Investigation #1),£14.40,In stock,One,2025-05-29T22:45:01.524862
The Edge of Reason (Bridget Jones #2),£19.18,In stock,Four,2025-05-29T22:45:01.524862
The Complete Maus (Maus #1-2),£10.64,In stock,Three,2025-05-29T22:45:01.524862
The Communist Manifesto,£14.76,In stock,Three,2025-05-29T22:45:01.524862
The Bhagavad Gita,£57.49,In stock,Three,2025-05-29T22:45:04.012011
The Bette Davis Club,£30.66,In stock,Three,2025-05-29T22:45:04.012011
The Art of Not Breathing,£40.83,In stock,Four,2025-05-29T22:45:04.012011
Taking Shots (Assassins #1),£18.88,In stock,Two,2025-05-29T22:45:04.012011
Starlark,£25.83,In stock,Three,2025-05-29T22:45:04.012011
"Skip Beat!, Vol. 01 (Skip Beat! #1)",£42.12,In stock,Three,2025-05-29T22:45:04.012011
Sister Sable (The Mad Queen #1),£13.33,In stock,Three,2025-05-29T22:45:04.012011
Shatter Me (Shatter Me #1),£42.40,In stock,One,2025-05-29T22:45:04.027643
Shameless,£58.35,In stock,Three,2025-05-29T22:45:04.027643
Shadow Rites (Jane Yellowrock #10),£21.72,In stock,Four,2025-05-29T22:45:04.027643
Settling the Score (The Summer Games #1),£44.91,In stock,Two,2025-05-29T22:45:04.027643
Sense and Sensibility,£37.46,In stock,One,2025-05-29T22:45:04.027643
"Saga, Volume 1 (Saga (Collected Editions) #1)",£28.48,In stock,One,2025-05-29T22:45:04.027643
"Rhythm, Chord & Malykhin",£28.34,In stock,Two,2025-05-29T22:45:04.027643
"Rat Queens, Vol. 1: Sass & Sorcery (Rat Queens (Collected Editions) #1-5)",£46.96,In stock,Five,2025-05-29T22:45:04.027643
Paradise Lost (Paradise #1),£24.96,In stock,One,2025-05-29T22:45:04.027643
"Paper Girls, Vol. 1 (Paper Girls #1-5)",£21.71,In stock,Four,2025-05-29T22:45:04.027643
"Ouran High School Host Club, Vol. 1 (Ouran High School Host Club #1)",£29.87,In stock,Three,2025-05-29T22:45:04.027643
Origins (Alphas 0.5),£28.99,In stock,One,2025-05-29T22:45:04.027643
One Second (Seven #7),£52.94,In stock,Two,2025-05-29T22:45:04.027643
On the Road (Duluoz Legend),£32.36,In stock,Three,2025-05-29T22:45:06.380205
Old Records Never Die: One Man's Quest for His Vinyl and His Past,£55.66,In stock,Two,2025-05-29T22:45:06.380205
Off Sides (Off #1),£39.45,In stock,Five,2025-05-29T22:45:06.380205
Of Mice and Men,£47.11,In stock,Two,2025-05-29T22:45:06.380205
Myriad (Prentor #1),£58.75,In stock,Four,2025-05-29T22:45:06.380205
My Perfect Mistake (Over the Top #1),£38.92,In stock,Two,2025-05-29T22:45:06.380205
"Ms. Marvel, Vol. 1: No Normal (Ms. Marvel (2014-2015) #1)",£39.39,In stock,Four,2025-05-29T22:45:06.395828
Meditations,£25.89,In stock,Two,2025-05-29T22:45:06.395828
Matilda,£28.34,In stock,One,2025-05-29T22:45:06.395828
Lost Among the Living,£27.70,In stock,Four,2025-05-29T22:45:06.395828
Lord of the Flies,£24.89,In stock,Three,2025-05-29T22:45:06.395828
Listen to Me (Fusion #1),£58.99,In stock,Three,2025-05-29T22:45:06.395828
Kitchens of the Great Midwest,£57.20,In stock,Five,2025-05-29T22:45:06.395828
Jane Eyre,£38.43,In stock,Five,2025-05-29T22:45:06.395828
Imperfect Harmony,£34.74,In stock,Four,2025-05-29T22:45:06.395828
Icing (Aces Hockey #2),£40.44,In stock,Four,2025-05-29T22:45:06.395828
"Hawkeye, Vol. 1: My Life as a Weapon (Hawkeye #1)",£45.24,In stock,Three,2025-05-29T22:45:06.395828
Having the Barbarian's Baby (Ice Planet Barbarians #7.5),£34.96,In stock,Four,2025-05-29T22:45:06.399853
"Giant Days, Vol. 1 (Giant Days #1-4)",£56.76,In stock,Four,2025-05-29T22:45:06.399853
"Fruits Basket, Vol. 1 (Fruits Basket #1)",£40.28,In stock,Five,2025-05-29T22:45:06.399853
Frankenstein,£38.00,In stock,Two,2025-05-29T22:45:08.795723
Forever Rockers (The Rocker #12),£28.80,In stock,Three,2025-05-29T22:45:08.795723
Fighting Fate (Fighting #6),£39.24,In stock,Three,2025-05-29T22:45:08.795723
Emma,£32.93,In stock,Two,2025-05-29T22:45:08.795723
"Eat, Pray, Love",£51.32,In stock,Three,2025-05-29T22:45:08.795723
Deep Under (Walker Security #1),£47.09,In stock,Five,2025-05-29T22:45:08.795723
Choosing Our Religion: The Spiritual Lives of America's Nones,£28.42,In stock,Four,2025-05-29T22:45:08.795723
Charlie and the Chocolate Factory (Charlie Bucket #1),£22.85,In stock,Three,2025-05-29T22:45:08.795723
Charity's Cross (Charles Towne Belles #4),£41.24,In stock,One,2025-05-29T22:45:08.795723
Bright Lines,£39.07,In stock,Five,2025-05-29T22:45:08.795723
Bridget Jones's Diary (Bridget Jones #1),£29.82,In stock,One,2025-05-29T22:45:08.795723
Bounty (Colorado Mountain #7),£37.26,In stock,Four,2025-05-29T22:45:08.795723
Blood Defense (Samantha Brinkman #1),£20.30,In stock,Three,2025-05-29T22:45:08.795723
"Bleach, Vol. 1: Strawberry and the Soul Reapers (Bleach #1)",£34.65,In stock,Five,2025-05-29T22:45:08.795723
Beyond Good and Evil,£43.38,In stock,One,2025-05-29T22:45:08.795723
Alice in Wonderland (Alice's Adventures in Wonderland #1),£55.53,In stock,One,2025-05-29T22:45:08.795723
"Ajin: Demi-Human, Volume 1 (Ajin: Demi-Human #1)",£57.06,In stock,Four,2025-05-29T22:45:08.795723
A Spy's Devotion (The Regency Spies of London #1),£16.97,In stock,Five,2025-05-29T22:45:08.795723
1st to Die (Women's Murder Club #1),£53.98,In stock,One,2025-05-29T22:45:08.795723
"1,000 Places to See Before You Die",£26.08,In stock,Five,2025-05-29T22:45:08.803749
